id,obsID,alt,choice,price,online,Fruits6,Fruits14,Preselected,Ownselected,Nonlocal,localG
1001,1,1,1,17.5,1,0,1,0,1,1,0
1001,1,2,0,27.5,1,0,0,1,0,0,1
1001,2,1,0,27.5,1,0,0,1,0,0,1
1001,2,2,1,27.5,1,0,1,0,0,0,0
1001,3,1,1,27.5,1,0,1,0,0,0,0
1001,3,2,0,27.5,0,0,0,1,0,1,0
1001,4,1,1,27.5,1,1,0,0,1,1,0
1001,4,2,0,17.5,0,0,1,0,1,0,1
1001,5,1,1,17.5,0,1,0,1,0,0,0
1001,5,2,0,27.5,1,1,0,0,1,1,0
1001,6,1,1,27.5,0,0,1,0,0,0,1
1001,6,2,0,37.5,0,0,1,1,0,0,0
1001,7,1,1,27.5,0,0,0,1,0,1,0
1001,7,2,0,17.5,0,1,0,1,0,0,0
1001,8,1,1,37.5,0,0,0,0,1,0,1
1001,8,2,0,27.5,0,1,0,0,1,0,0
1001,9,1,1,37.5,0,1,0,0,0,1,0
1001,9,2,0,37.5,1,0,0,0,1,0,0
1002,10,1,0,17.5,1,1,0,1,0,0,1
1002,10,2,1,37.5,0,0,0,0,1,0,1
1002,11,1,1,17.5,1,0,0,0,0,0,0
1002,11,2,0,37.5,0,1,0,0,0,1,0
1002,12,1,0,37.5,1,1,0,0,0,0,1
1002,12,2,1,17.5,1,0,1,0,1,1,0
1002,13,1,1,37.5,1,0,0,0,1,0,0
1002,13,2,0,17.5,0,0,0,0,0,1,0
1002,14,1,0,37.5,1,0,1,1,0,1,0
1002,14,2,1,37.5,1,1,0,0,0,0,1
1002,15,1,1,17.5,0,0,1,0,1,0,1
1002,15,2,0,17.5,1,0,0,0,0,0,0
1002,16,1,1,17.5,0,0,0,0,0,1,0
1002,16,2,0,27.5,0,0,1,0,0,0,1
1002,17,1,1,27.5,0,1,0,0,1,0,0
1002,17,2,0,17.5,1,1,0,1,0,0,1
1002,18,1,0,37.5,0,0,1,1,0,0,0
1002,18,2,1,37.5,1,0,1,1,0,1,0
1003,19,1,1,17.5,1,0,1,0,1,1,0
1003,19,2,0,27.5,1,0,0,1,0,0,1
1003,20,1,1,27.5,1,0,0,1,0,0,1
1003,20,2,0,27.5,1,0,1,0,0,0,0
1003,21,1,1,27.5,1,0,1,0,0,0,0
1003,21,2,0,27.5,0,0,0,1,0,1,0
1003,22,1,1,27.5,1,1,0,0,1,1,0
1003,22,2,0,17.5,0,0,1,0,1,0,1
1003,23,1,1,17.5,0,1,0,1,0,0,0
1003,23,2,0,27.5,1,1,0,0,1,1,0
1003,24,1,1,27.5,0,0,1,0,0,0,1
1003,24,2,0,37.5,0,0,1,1,0,0,0
1003,25,1,1,27.5,0,0,0,1,0,1,0
1003,25,2,0,17.5,0,1,0,1,0,0,0
1003,26,1,1,37.5,0,0,0,0,1,0,1
1003,26,2,0,27.5,0,1,0,0,1,0,0
1003,27,1,1,37.5,0,1,0,0,0,1,0
1003,27,2,0,37.5,1,0,0,0,1,0,0
1004,28,1,0,17.5,1,0,1,0,1,1,0
1004,28,2,1,27.5,1,0,0,1,0,0,1
1004,29,1,0,27.5,1,0,0,1,0,0,1
1004,29,2,1,27.5,1,0,1,0,0,0,0
1004,30,1,1,27.5,1,0,1,0,0,0,0
1004,30,2,0,27.5,0,0,0,1,0,1,0
1004,31,1,0,27.5,1,1,0,0,1,1,0
1004,31,2,1,17.5,0,0,1,0,1,0,1
1004,32,1,0,17.5,0,1,0,1,0,0,0
1004,32,2,1,27.5,1,1,0,0,1,1,0
1004,33,1,0,27.5,0,0,1,0,0,0,1
1004,33,2,1,37.5,0,0,1,1,0,0,0
1004,34,1,0,27.5,0,0,0,1,0,1,0
1004,34,2,1,17.5,0,1,0,1,0,0,0
1004,35,1,0,37.5,0,0,0,0,1,0,1
1004,35,2,1,27.5,0,1,0,0,1,0,0
1004,36,1,1,37.5,0,1,0,0,0,1,0
1004,36,2,0,37.5,1,0,0,0,1,0,0
1005,37,1,1,17.5,1,0,1,0,1,1,0
1005,37,2,0,27.5,1,0,0,1,0,0,1
1005,38,1,0,27.5,1,0,0,1,0,0,1
1005,38,2,1,27.5,1,0,1,0,0,0,0
1005,39,1,1,27.5,1,0,1,0,0,0,0
1005,39,2,0,27.5,0,0,0,1,0,1,0
1005,40,1,0,27.5,1,1,0,0,1,1,0
1005,40,2,1,17.5,0,0,1,0,1,0,1
1005,41,1,1,17.5,0,1,0,1,0,0,0
1005,41,2,0,27.5,1,1,0,0,1,1,0
1005,42,1,1,27.5,0,0,1,0,0,0,1
1005,42,2,0,37.5,0,0,1,1,0,0,0
1005,43,1,1,27.5,0,0,0,1,0,1,0
1005,43,2,0,17.5,0,1,0,1,0,0,0
1005,44,1,1,37.5,0,0,0,0,1,0,1
1005,44,2,0,27.5,0,1,0,0,1,0,0
1005,45,1,1,37.5,0,1,0,0,0,1,0
1005,45,2,0,37.5,1,0,0,0,1,0,0
1006,46,1,1,17.5,1,1,0,1,0,0,1
1006,46,2,0,37.5,0,0,0,0,1,0,1
1006,47,1,1,17.5,1,0,0,0,0,0,0
1006,47,2,0,37.5,0,1,0,0,0,1,0
1006,48,1,0,37.5,1,1,0,0,0,0,1
1006,48,2,1,17.5,1,0,1,0,1,1,0
1006,49,1,1,37.5,1,0,0,0,1,0,0
1006,49,2,0,17.5,0,0,0,0,0,1,0
1006,50,1,1,37.5,1,0,1,1,0,1,0
1006,50,2,0,37.5,1,1,0,0,0,0,1
1006,51,1,0,17.5,0,0,1,0,1,0,1
1006,51,2,1,17.5,1,0,0,0,0,0,0
1006,52,1,1,17.5,0,0,0,0,0,1,0
1006,52,2,0,27.5,0,0,1,0,0,0,1
1006,53,1,0,27.5,0,1,0,0,1,0,0
1006,53,2,1,17.5,1,1,0,1,0,0,1
1006,54,1,1,37.5,0,0,1,1,0,0,0
1006,54,2,0,37.5,1,0,1,1,0,1,0
1007,55,1,1,17.5,1,1,0,1,0,0,1
1007,55,2,0,37.5,0,0,0,0,1,0,1
1007,56,1,1,17.5,1,0,0,0,0,0,0
1007,56,2,0,37.5,0,1,0,0,0,1,0
1007,57,1,1,37.5,1,1,0,0,0,0,1
1007,57,2,0,17.5,1,0,1,0,1,1,0
1007,58,1,0,37.5,1,0,0,0,1,0,0
1007,58,2,1,17.5,0,0,0,0,0,1,0
1007,59,1,0,37.5,1,0,1,1,0,1,0
1007,59,2,1,37.5,1,1,0,0,0,0,1
1007,60,1,0,17.5,0,0,1,0,1,0,1
1007,60,2,1,17.5,1,0,0,0,0,0,0
1007,61,1,1,17.5,0,0,0,0,0,1,0
1007,61,2,0,27.5,0,0,1,0,0,0,1
1007,62,1,1,27.5,0,1,0,0,1,0,0
1007,62,2,0,17.5,1,1,0,1,0,0,1
1007,63,1,0,37.5,0,0,1,1,0,0,0
1007,63,2,1,37.5,1,0,1,1,0,1,0
1008,64,1,1,17.5,1,1,0,1,0,0,1
1008,64,2,0,37.5,0,0,0,0,1,0,1
1008,65,1,1,17.5,1,0,0,0,0,0,0
1008,65,2,0,37.5,0,1,0,0,0,1,0
1008,66,1,1,37.5,1,1,0,0,0,0,1
1008,66,2,0,17.5,1,0,1,0,1,1,0
1008,67,1,1,37.5,1,0,0,0,1,0,0
1008,67,2,0,17.5,0,0,0,0,0,1,0
1008,68,1,0,37.5,1,0,1,1,0,1,0
1008,68,2,1,37.5,1,1,0,0,0,0,1
1008,69,1,0,17.5,0,0,1,0,1,0,1
1008,69,2,1,17.5,1,0,0,0,0,0,0
1008,70,1,0,17.5,0,0,0,0,0,1,0
1008,70,2,1,27.5,0,0,1,0,0,0,1
1008,71,1,0,27.5,0,1,0,0,1,0,0
1008,71,2,1,17.5,1,1,0,1,0,0,1
1008,72,1,1,37.5,0,0,1,1,0,0,0
1008,72,2,0,37.5,1,0,1,1,0,1,0
1009,73,1,1,17.5,1,0,1,0,1,1,0
1009,73,2,0,27.5,1,0,0,1,0,0,1
1009,74,1,1,27.5,1,0,0,1,0,0,1
1009,74,2,0,27.5,1,0,1,0,0,0,0
1009,75,1,1,27.5,1,0,1,0,0,0,0
1009,75,2,0,27.5,0,0,0,1,0,1,0
1009,76,1,0,27.5,1,1,0,0,1,1,0
1009,76,2,1,17.5,0,0,1,0,1,0,1
1009,77,1,1,17.5,0,1,0,1,0,0,0
1009,77,2,0,27.5,1,1,0,0,1,1,0
1009,78,1,1,27.5,0,0,1,0,0,0,1
1009,78,2,0,37.5,0,0,1,1,0,0,0
1009,79,1,1,27.5,0,0,0,1,0,1,0
1009,79,2,0,17.5,0,1,0,1,0,0,0
1009,80,1,1,37.5,0,0,0,0,1,0,1
1009,80,2,0,27.5,0,1,0,0,1,0,0
1009,81,1,0,37.5,0,1,0,0,0,1,0
1009,81,2,1,37.5,1,0,0,0,1,0,0
1010,82,1,1,17.5,1,1,0,1,0,0,1
1010,82,2,0,37.5,0,0,0,0,1,0,1
1010,83,1,1,17.5,1,0,0,0,0,0,0
1010,83,2,0,37.5,0,1,0,0,0,1,0
1010,84,1,0,37.5,1,1,0,0,0,0,1
1010,84,2,1,17.5,1,0,1,0,1,1,0
1010,85,1,1,37.5,1,0,0,0,1,0,0
1010,85,2,0,17.5,0,0,0,0,0,1,0
1010,86,1,1,37.5,1,0,1,1,0,1,0
1010,86,2,0,37.5,1,1,0,0,0,0,1
1010,87,1,0,17.5,0,0,1,0,1,0,1
1010,87,2,1,17.5,1,0,0,0,0,0,0
1010,88,1,0,17.5,0,0,0,0,0,1,0
1010,88,2,1,27.5,0,0,1,0,0,0,1
1010,89,1,0,27.5,0,1,0,0,1,0,0
1010,89,2,1,17.5,1,1,0,1,0,0,1
1010,90,1,1,37.5,0,0,1,1,0,0,0
1010,90,2,0,37.5,1,0,1,1,0,1,0
1011,91,1,1,17.5,1,0,1,0,1,1,0
1011,91,2,0,27.5,1,0,0,1,0,0,1
1011,92,1,0,27.5,1,0,0,1,0,0,1
1011,92,2,1,27.5,1,0,1,0,0,0,0
1011,93,1,1,27.5,1,0,1,0,0,0,0
1011,93,2,0,27.5,0,0,0,1,0,1,0
1011,94,1,0,27.5,1,1,0,0,1,1,0
1011,94,2,1,17.5,0,0,1,0,1,0,1
1011,95,1,1,17.5,0,1,0,1,0,0,0
1011,95,2,0,27.5,1,1,0,0,1,1,0
1011,96,1,1,27.5,0,0,1,0,0,0,1
1011,96,2,0,37.5,0,0,1,1,0,0,0
1011,97,1,1,27.5,0,0,0,1,0,1,0
1011,97,2,0,17.5,0,1,0,1,0,0,0
1011,98,1,0,37.5,0,0,0,0,1,0,1
1011,98,2,1,27.5,0,1,0,0,1,0,0
1011,99,1,0,37.5,0,1,0,0,0,1,0
1011,99,2,1,37.5,1,0,0,0,1,0,0
1012,100,1,1,17.5,1,0,1,0,1,1,0
1012,100,2,0,27.5,1,0,0,1,0,0,1
1012,101,1,1,27.5,1,0,0,1,0,0,1
1012,101,2,0,27.5,1,0,1,0,0,0,0
1012,102,1,1,27.5,1,0,1,0,0,0,0
1012,102,2,0,27.5,0,0,0,1,0,1,0
1012,103,1,0,27.5,1,1,0,0,1,1,0
1012,103,2,1,17.5,0,0,1,0,1,0,1
1012,104,1,1,17.5,0,1,0,1,0,0,0
1012,104,2,0,27.5,1,1,0,0,1,1,0
1012,105,1,1,27.5,0,0,1,0,0,0,1
1012,105,2,0,37.5,0,0,1,1,0,0,0
1012,106,1,0,27.5,0,0,0,1,0,1,0
1012,106,2,1,17.5,0,1,0,1,0,0,0
1012,107,1,1,37.5,0,0,0,0,1,0,1
1012,107,2,0,27.5,0,1,0,0,1,0,0
1012,108,1,0,37.5,0,1,0,0,0,1,0
1012,108,2,1,37.5,1,0,0,0,1,0,0
1013,109,1,0,17.5,1,0,1,0,1,1,0
1013,109,2,1,27.5,1,0,0,1,0,0,1
1013,110,1,0,27.5,1,0,0,1,0,0,1
1013,110,2,1,27.5,1,0,1,0,0,0,0
1013,111,1,0,27.5,1,0,1,0,0,0,0
1013,111,2,1,27.5,0,0,0,1,0,1,0
1013,112,1,0,27.5,1,1,0,0,1,1,0
1013,112,2,1,17.5,0,0,1,0,1,0,1
1013,113,1,0,17.5,0,1,0,1,0,0,0
1013,113,2,1,27.5,1,1,0,0,1,1,0
1013,114,1,0,27.5,0,0,1,0,0,0,1
1013,114,2,1,37.5,0,0,1,1,0,0,0
1013,115,1,0,27.5,0,0,0,1,0,1,0
1013,115,2,1,17.5,0,1,0,1,0,0,0
1013,116,1,0,37.5,0,0,0,0,1,0,1
1013,116,2,1,27.5,0,1,0,0,1,0,0
1013,117,1,1,37.5,0,1,0,0,0,1,0
1013,117,2,0,37.5,1,0,0,0,1,0,0
1014,118,1,0,17.5,1,0,1,0,1,1,0
1014,118,2,1,27.5,1,0,0,1,0,0,1
1014,119,1,0,27.5,1,0,0,1,0,0,1
1014,119,2,1,27.5,1,0,1,0,0,0,0
1014,120,1,1,27.5,1,0,1,0,0,0,0
1014,120,2,0,27.5,0,0,0,1,0,1,0
1014,121,1,0,27.5,1,1,0,0,1,1,0
1014,121,2,1,17.5,0,0,1,0,1,0,1
1014,122,1,1,17.5,0,1,0,1,0,0,0
1014,122,2,0,27.5,1,1,0,0,1,1,0
1014,123,1,1,27.5,0,0,1,0,0,0,1
1014,123,2,0,37.5,0,0,1,1,0,0,0
1014,124,1,0,27.5,0,0,0,1,0,1,0
1014,124,2,1,17.5,0,1,0,1,0,0,0
1014,125,1,0,37.5,0,0,0,0,1,0,1
1014,125,2,1,27.5,0,1,0,0,1,0,0
1014,126,1,0,37.5,0,1,0,0,0,1,0
1014,126,2,1,37.5,1,0,0,0,1,0,0
1015,127,1,0,17.5,1,1,0,1,0,0,1
1015,127,2,1,37.5,0,0,0,0,1,0,1
1015,128,1,1,17.5,1,0,0,0,0,0,0
1015,128,2,0,37.5,0,1,0,0,0,1,0
1015,129,1,0,37.5,1,1,0,0,0,0,1
1015,129,2,1,17.5,1,0,1,0,1,1,0
1015,130,1,1,37.5,1,0,0,0,1,0,0
1015,130,2,0,17.5,0,0,0,0,0,1,0
1015,131,1,1,37.5,1,0,1,1,0,1,0
1015,131,2,0,37.5,1,1,0,0,0,0,1
1015,132,1,1,17.5,0,0,1,0,1,0,1
1015,132,2,0,17.5,1,0,0,0,0,0,0
1015,133,1,0,17.5,0,0,0,0,0,1,0
1015,133,2,1,27.5,0,0,1,0,0,0,1
1015,134,1,1,27.5,0,1,0,0,1,0,0
1015,134,2,0,17.5,1,1,0,1,0,0,1
1015,135,1,1,37.5,0,0,1,1,0,0,0
1015,135,2,0,37.5,1,0,1,1,0,1,0
1016,136,1,0,17.5,1,1,0,1,0,0,1
1016,136,2,1,37.5,0,0,0,0,1,0,1
1016,137,1,0,17.5,1,0,0,0,0,0,0
1016,137,2,1,37.5,0,1,0,0,0,1,0
1016,138,1,1,37.5,1,1,0,0,0,0,1
1016,138,2,0,17.5,1,0,1,0,1,1,0
1016,139,1,1,37.5,1,0,0,0,1,0,0
1016,139,2,0,17.5,0,0,0,0,0,1,0
1016,140,1,1,37.5,1,0,1,1,0,1,0
1016,140,2,0,37.5,1,1,0,0,0,0,1
1016,141,1,1,17.5,0,0,1,0,1,0,1
1016,141,2,0,17.5,1,0,0,0,0,0,0
1016,142,1,0,17.5,0,0,0,0,0,1,0
1016,142,2,1,27.5,0,0,1,0,0,0,1
1016,143,1,0,27.5,0,1,0,0,1,0,0
1016,143,2,1,17.5,1,1,0,1,0,0,1
1016,144,1,1,37.5,0,0,1,1,0,0,0
1016,144,2,0,37.5,1,0,1,1,0,1,0
1017,145,1,1,17.5,1,0,1,0,1,1,0
1017,145,2,0,27.5,1,0,0,1,0,0,1
1017,146,1,1,27.5,1,0,0,1,0,0,1
1017,146,2,0,27.5,1,0,1,0,0,0,0
1017,147,1,1,27.5,1,0,1,0,0,0,0
1017,147,2,0,27.5,0,0,0,1,0,1,0
1017,148,1,0,27.5,1,1,0,0,1,1,0
1017,148,2,1,17.5,0,0,1,0,1,0,1
1017,149,1,1,17.5,0,1,0,1,0,0,0
1017,149,2,0,27.5,1,1,0,0,1,1,0
1017,150,1,1,27.5,0,0,1,0,0,0,1
1017,150,2,0,37.5,0,0,1,1,0,0,0
1017,151,1,1,27.5,0,0,0,1,0,1,0
1017,151,2,0,17.5,0,1,0,1,0,0,0
1017,152,1,1,37.5,0,0,0,0,1,0,1
1017,152,2,0,27.5,0,1,0,0,1,0,0
1017,153,1,0,37.5,0,1,0,0,0,1,0
1017,153,2,1,37.5,1,0,0,0,1,0,0
1018,154,1,1,17.5,1,0,1,0,1,1,0
1018,154,2,0,27.5,1,0,0,1,0,0,1
1018,155,1,1,27.5,1,0,0,1,0,0,1
1018,155,2,0,27.5,1,0,1,0,0,0,0
1018,156,1,1,27.5,1,0,1,0,0,0,0
1018,156,2,0,27.5,0,0,0,1,0,1,0
1018,157,1,0,27.5,1,1,0,0,1,1,0
1018,157,2,1,17.5,0,0,1,0,1,0,1
1018,158,1,1,17.5,0,1,0,1,0,0,0
1018,158,2,0,27.5,1,1,0,0,1,1,0
1018,159,1,1,27.5,0,0,1,0,0,0,1
1018,159,2,0,37.5,0,0,1,1,0,0,0
1018,160,1,1,27.5,0,0,0,1,0,1,0
1018,160,2,0,17.5,0,1,0,1,0,0,0
1018,161,1,1,37.5,0,0,0,0,1,0,1
1018,161,2,0,27.5,0,1,0,0,1,0,0
1018,162,1,1,37.5,0,1,0,0,0,1,0
1018,162,2,0,37.5,1,0,0,0,1,0,0
1019,163,1,0,17.5,1,1,0,1,0,0,1
1019,163,2,1,37.5,0,0,0,0,1,0,1
1019,164,1,1,17.5,1,0,0,0,0,0,0
1019,164,2,0,37.5,0,1,0,0,0,1,0
1019,165,1,0,37.5,1,1,0,0,0,0,1
1019,165,2,1,17.5,1,0,1,0,1,1,0
1019,166,1,1,37.5,1,0,0,0,1,0,0
1019,166,2,0,17.5,0,0,0,0,0,1,0
1019,167,1,1,37.5,1,0,1,1,0,1,0
1019,167,2,0,37.5,1,1,0,0,0,0,1
1019,168,1,1,17.5,0,0,1,0,1,0,1
1019,168,2,0,17.5,1,0,0,0,0,0,0
1019,169,1,0,17.5,0,0,0,0,0,1,0
1019,169,2,1,27.5,0,0,1,0,0,0,1
1019,170,1,0,27.5,0,1,0,0,1,0,0
1019,170,2,1,17.5,1,1,0,1,0,0,1
1019,171,1,1,37.5,0,0,1,1,0,0,0
1019,171,2,0,37.5,1,0,1,1,0,1,0
1020,172,1,1,17.5,1,0,1,0,1,1,0
1020,172,2,0,27.5,1,0,0,1,0,0,1
1020,173,1,0,27.5,1,0,0,1,0,0,1
1020,173,2,1,27.5,1,0,1,0,0,0,0
1020,174,1,1,27.5,1,0,1,0,0,0,0
1020,174,2,0,27.5,0,0,0,1,0,1,0
1020,175,1,0,27.5,1,1,0,0,1,1,0
1020,175,2,1,17.5,0,0,1,0,1,0,1
1020,176,1,1,17.5,0,1,0,1,0,0,0
1020,176,2,0,27.5,1,1,0,0,1,1,0
1020,177,1,0,27.5,0,0,1,0,0,0,1
1020,177,2,1,37.5,0,0,1,1,0,0,0
1020,178,1,0,27.5,0,0,0,1,0,1,0
1020,178,2,1,17.5,0,1,0,1,0,0,0
1020,179,1,0,37.5,0,0,0,0,1,0,1
1020,179,2,1,27.5,0,1,0,0,1,0,0
1020,180,1,0,37.5,0,1,0,0,0,1,0
1020,180,2,1,37.5,1,0,0,0,1,0,0
1021,181,1,1,17.5,1,1,0,1,0,0,1
1021,181,2,0,37.5,0,0,0,0,1,0,1
1021,182,1,1,17.5,1,0,0,0,0,0,0
1021,182,2,0,37.5,0,1,0,0,0,1,0
1021,183,1,0,37.5,1,1,0,0,0,0,1
1021,183,2,1,17.5,1,0,1,0,1,1,0
1021,184,1,0,37.5,1,0,0,0,1,0,0
1021,184,2,1,17.5,0,0,0,0,0,1,0
1021,185,1,0,37.5,1,0,1,1,0,1,0
1021,185,2,1,37.5,1,1,0,0,0,0,1
1021,186,1,0,17.5,0,0,1,0,1,0,1
1021,186,2,1,17.5,1,0,0,0,0,0,0
1021,187,1,0,17.5,0,0,0,0,0,1,0
1021,187,2,1,27.5,0,0,1,0,0,0,1
1021,188,1,0,27.5,0,1,0,0,1,0,0
1021,188,2,1,17.5,1,1,0,1,0,0,1
1021,189,1,1,37.5,0,0,1,1,0,0,0
1021,189,2,0,37.5,1,0,1,1,0,1,0
1022,190,1,1,17.5,1,0,1,0,1,1,0
1022,190,2,0,27.5,1,0,0,1,0,0,1
1022,191,1,0,27.5,1,0,0,1,0,0,1
1022,191,2,1,27.5,1,0,1,0,0,0,0
1022,192,1,1,27.5,1,0,1,0,0,0,0
1022,192,2,0,27.5,0,0,0,1,0,1,0
1022,193,1,0,27.5,1,1,0,0,1,1,0
1022,193,2,1,17.5,0,0,1,0,1,0,1
1022,194,1,0,17.5,0,1,0,1,0,0,0
1022,194,2,1,27.5,1,1,0,0,1,1,0
1022,195,1,1,27.5,0,0,1,0,0,0,1
1022,195,2,0,37.5,0,0,1,1,0,0,0
1022,196,1,1,27.5,0,0,0,1,0,1,0
1022,196,2,0,17.5,0,1,0,1,0,0,0
1022,197,1,1,37.5,0,0,0,0,1,0,1
1022,197,2,0,27.5,0,1,0,0,1,0,0
1022,198,1,0,37.5,0,1,0,0,0,1,0
1022,198,2,1,37.5,1,0,0,0,1,0,0
1023,199,1,1,17.5,1,0,1,0,1,1,0
1023,199,2,0,27.5,1,0,0,1,0,0,1
1023,200,1,0,27.5,1,0,0,1,0,0,1
1023,200,2,1,27.5,1,0,1,0,0,0,0
1023,201,1,1,27.5,1,0,1,0,0,0,0
1023,201,2,0,27.5,0,0,0,1,0,1,0
1023,202,1,1,27.5,1,1,0,0,1,1,0
1023,202,2,0,17.5,0,0,1,0,1,0,1
1023,203,1,0,17.5,0,1,0,1,0,0,0
1023,203,2,1,27.5,1,1,0,0,1,1,0
1023,204,1,0,27.5,0,0,1,0,0,0,1
1023,204,2,1,37.5,0,0,1,1,0,0,0
1023,205,1,0,27.5,0,0,0,1,0,1,0
1023,205,2,1,17.5,0,1,0,1,0,0,0
1023,206,1,1,37.5,0,0,0,0,1,0,1
1023,206,2,0,27.5,0,1,0,0,1,0,0
1023,207,1,0,37.5,0,1,0,0,0,1,0
1023,207,2,1,37.5,1,0,0,0,1,0,0
1024,208,1,1,17.5,1,0,1,0,1,1,0
1024,208,2,0,27.5,1,0,0,1,0,0,1
1024,209,1,0,27.5,1,0,0,1,0,0,1
1024,209,2,1,27.5,1,0,1,0,0,0,0
1024,210,1,1,27.5,1,0,1,0,0,0,0
1024,210,2,0,27.5,0,0,0,1,0,1,0
1024,211,1,0,27.5,1,1,0,0,1,1,0
1024,211,2,1,17.5,0,0,1,0,1,0,1
1024,212,1,1,17.5,0,1,0,1,0,0,0
1024,212,2,0,27.5,1,1,0,0,1,1,0
1024,213,1,0,27.5,0,0,1,0,0,0,1
1024,213,2,1,37.5,0,0,1,1,0,0,0
1024,214,1,0,27.5,0,0,0,1,0,1,0
1024,214,2,1,17.5,0,1,0,1,0,0,0
1024,215,1,1,37.5,0,0,0,0,1,0,1
1024,215,2,0,27.5,0,1,0,0,1,0,0
1024,216,1,1,37.5,0,1,0,0,0,1,0
1024,216,2,0,37.5,1,0,0,0,1,0,0
1025,217,1,0,17.5,1,1,0,1,0,0,1
1025,217,2,1,37.5,0,0,0,0,1,0,1
1025,218,1,0,17.5,1,0,0,0,0,0,0
1025,218,2,1,37.5,0,1,0,0,0,1,0
1025,219,1,0,37.5,1,1,0,0,0,0,1
1025,219,2,1,17.5,1,0,1,0,1,1,0
1025,220,1,1,37.5,1,0,0,0,1,0,0
1025,220,2,0,17.5,0,0,0,0,0,1,0
1025,221,1,1,37.5,1,0,1,1,0,1,0
1025,221,2,0,37.5,1,1,0,0,0,0,1
1025,222,1,1,17.5,0,0,1,0,1,0,1
1025,222,2,0,17.5,1,0,0,0,0,0,0
1025,223,1,0,17.5,0,0,0,0,0,1,0
1025,223,2,1,27.5,0,0,1,0,0,0,1
1025,224,1,1,27.5,0,1,0,0,1,0,0
1025,224,2,0,17.5,1,1,0,1,0,0,1
1025,225,1,1,37.5,0,0,1,1,0,0,0
1025,225,2,0,37.5,1,0,1,1,0,1,0
1026,226,1,1,17.5,1,0,1,0,1,1,0
1026,226,2,0,27.5,1,0,0,1,0,0,1
1026,227,1,0,27.5,1,0,0,1,0,0,1
1026,227,2,1,27.5,1,0,1,0,0,0,0
1026,228,1,1,27.5,1,0,1,0,0,0,0
1026,228,2,0,27.5,0,0,0,1,0,1,0
1026,229,1,0,27.5,1,1,0,0,1,1,0
1026,229,2,1,17.5,0,0,1,0,1,0,1
1026,230,1,1,17.5,0,1,0,1,0,0,0
1026,230,2,0,27.5,1,1,0,0,1,1,0
1026,231,1,1,27.5,0,0,1,0,0,0,1
1026,231,2,0,37.5,0,0,1,1,0,0,0
1026,232,1,0,27.5,0,0,0,1,0,1,0
1026,232,2,1,17.5,0,1,0,1,0,0,0
1026,233,1,0,37.5,0,0,0,0,1,0,1
1026,233,2,1,27.5,0,1,0,0,1,0,0
1026,234,1,0,37.5,0,1,0,0,0,1,0
1026,234,2,1,37.5,1,0,0,0,1,0,0
1027,235,1,1,17.5,1,1,0,1,0,0,1
1027,235,2,0,37.5,0,0,0,0,1,0,1
1027,236,1,1,17.5,1,0,0,0,0,0,0
1027,236,2,0,37.5,0,1,0,0,0,1,0
1027,237,1,0,37.5,1,1,0,0,0,0,1
1027,237,2,1,17.5,1,0,1,0,1,1,0
1027,238,1,1,37.5,1,0,0,0,1,0,0
1027,238,2,0,17.5,0,0,0,0,0,1,0
1027,239,1,1,37.5,1,0,1,1,0,1,0
1027,239,2,0,37.5,1,1,0,0,0,0,1
1027,240,1,0,17.5,0,0,1,0,1,0,1
1027,240,2,1,17.5,1,0,0,0,0,0,0
1027,241,1,1,17.5,0,0,0,0,0,1,0
1027,241,2,0,27.5,0,0,1,0,0,0,1
1027,242,1,0,27.5,0,1,0,0,1,0,0
1027,242,2,1,17.5,1,1,0,1,0,0,1
1027,243,1,1,37.5,0,0,1,1,0,0,0
1027,243,2,0,37.5,1,0,1,1,0,1,0
1028,244,1,1,17.5,1,1,0,1,0,0,1
1028,244,2,0,37.5,0,0,0,0,1,0,1
1028,245,1,1,17.5,1,0,0,0,0,0,0
1028,245,2,0,37.5,0,1,0,0,0,1,0
1028,246,1,0,37.5,1,1,0,0,0,0,1
1028,246,2,1,17.5,1,0,1,0,1,1,0
1028,247,1,1,37.5,1,0,0,0,1,0,0
1028,247,2,0,17.5,0,0,0,0,0,1,0
1028,248,1,0,37.5,1,0,1,1,0,1,0
1028,248,2,1,37.5,1,1,0,0,0,0,1
1028,249,1,0,17.5,0,0,1,0,1,0,1
1028,249,2,1,17.5,1,0,0,0,0,0,0
1028,250,1,0,17.5,0,0,0,0,0,1,0
1028,250,2,1,27.5,0,0,1,0,0,0,1
1028,251,1,0,27.5,0,1,0,0,1,0,0
1028,251,2,1,17.5,1,1,0,1,0,0,1
1028,252,1,1,37.5,0,0,1,1,0,0,0
1028,252,2,0,37.5,1,0,1,1,0,1,0
1029,253,1,0,17.5,1,0,1,0,1,1,0
1029,253,2,1,27.5,1,0,0,1,0,0,1
1029,254,1,1,27.5,1,0,0,1,0,0,1
1029,254,2,0,27.5,1,0,1,0,0,0,0
1029,255,1,1,27.5,1,0,1,0,0,0,0
1029,255,2,0,27.5,0,0,0,1,0,1,0
1029,256,1,0,27.5,1,1,0,0,1,1,0
1029,256,2,1,17.5,0,0,1,0,1,0,1
1029,257,1,1,17.5,0,1,0,1,0,0,0
1029,257,2,0,27.5,1,1,0,0,1,1,0
1029,258,1,1,27.5,0,0,1,0,0,0,1
1029,258,2,0,37.5,0,0,1,1,0,0,0
1029,259,1,0,27.5,0,0,0,1,0,1,0
1029,259,2,1,17.5,0,1,0,1,0,0,0
1029,260,1,1,37.5,0,0,0,0,1,0,1
1029,260,2,0,27.5,0,1,0,0,1,0,0
1029,261,1,0,37.5,0,1,0,0,0,1,0
1029,261,2,1,37.5,1,0,0,0,1,0,0
1030,262,1,1,17.5,1,0,1,0,1,1,0
1030,262,2,0,27.5,1,0,0,1,0,0,1
1030,263,1,1,27.5,1,0,0,1,0,0,1
1030,263,2,0,27.5,1,0,1,0,0,0,0
1030,264,1,1,27.5,1,0,1,0,0,0,0
1030,264,2,0,27.5,0,0,0,1,0,1,0
1030,265,1,0,27.5,1,1,0,0,1,1,0
1030,265,2,1,17.5,0,0,1,0,1,0,1
1030,266,1,1,17.5,0,1,0,1,0,0,0
1030,266,2,0,27.5,1,1,0,0,1,1,0
1030,267,1,1,27.5,0,0,1,0,0,0,1
1030,267,2,0,37.5,0,0,1,1,0,0,0
1030,268,1,1,27.5,0,0,0,1,0,1,0
1030,268,2,0,17.5,0,1,0,1,0,0,0
1030,269,1,0,37.5,0,0,0,0,1,0,1
1030,269,2,1,27.5,0,1,0,0,1,0,0
1030,270,1,0,37.5,0,1,0,0,0,1,0
1030,270,2,1,37.5,1,0,0,0,1,0,0
1031,271,1,0,17.5,1,0,1,0,1,1,0
1031,271,2,1,27.5,1,0,0,1,0,0,1
1031,272,1,1,27.5,1,0,0,1,0,0,1
1031,272,2,0,27.5,1,0,1,0,0,0,0
1031,273,1,1,27.5,1,0,1,0,0,0,0
1031,273,2,0,27.5,0,0,0,1,0,1,0
1031,274,1,1,27.5,1,1,0,0,1,1,0
1031,274,2,0,17.5,0,0,1,0,1,0,1
1031,275,1,1,17.5,0,1,0,1,0,0,0
1031,275,2,0,27.5,1,1,0,0,1,1,0
1031,276,1,1,27.5,0,0,1,0,0,0,1
1031,276,2,0,37.5,0,0,1,1,0,0,0
1031,277,1,0,27.5,0,0,0,1,0,1,0
1031,277,2,1,17.5,0,1,0,1,0,0,0
1031,278,1,0,37.5,0,0,0,0,1,0,1
1031,278,2,1,27.5,0,1,0,0,1,0,0
1031,279,1,0,37.5,0,1,0,0,0,1,0
1031,279,2,1,37.5,1,0,0,0,1,0,0
1032,280,1,1,17.5,1,1,0,1,0,0,1
1032,280,2,0,37.5,0,0,0,0,1,0,1
1032,281,1,1,17.5,1,0,0,0,0,0,0
1032,281,2,0,37.5,0,1,0,0,0,1,0
1032,282,1,0,37.5,1,1,0,0,0,0,1
1032,282,2,1,17.5,1,0,1,0,1,1,0
1032,283,1,1,37.5,1,0,0,0,1,0,0
1032,283,2,0,17.5,0,0,0,0,0,1,0
1032,284,1,0,37.5,1,0,1,1,0,1,0
1032,284,2,1,37.5,1,1,0,0,0,0,1
1032,285,1,0,17.5,0,0,1,0,1,0,1
1032,285,2,1,17.5,1,0,0,0,0,0,0
1032,286,1,0,17.5,0,0,0,0,0,1,0
1032,286,2,1,27.5,0,0,1,0,0,0,1
1032,287,1,0,27.5,0,1,0,0,1,0,0
1032,287,2,1,17.5,1,1,0,1,0,0,1
1032,288,1,1,37.5,0,0,1,1,0,0,0
1032,288,2,0,37.5,1,0,1,1,0,1,0
1033,289,1,1,17.5,1,1,0,1,0,0,1
1033,289,2,0,37.5,0,0,0,0,1,0,1
1033,290,1,1,17.5,1,0,0,0,0,0,0
1033,290,2,0,37.5,0,1,0,0,0,1,0
1033,291,1,1,37.5,1,1,0,0,0,0,1
1033,291,2,0,17.5,1,0,1,0,1,1,0
1033,292,1,0,37.5,1,0,0,0,1,0,0
1033,292,2,1,17.5,0,0,0,0,0,1,0
1033,293,1,0,37.5,1,0,1,1,0,1,0
1033,293,2,1,37.5,1,1,0,0,0,0,1
1033,294,1,0,17.5,0,0,1,0,1,0,1
1033,294,2,1,17.5,1,0,0,0,0,0,0
1033,295,1,1,17.5,0,0,0,0,0,1,0
1033,295,2,0,27.5,0,0,1,0,0,0,1
1033,296,1,1,27.5,0,1,0,0,1,0,0
1033,296,2,0,17.5,1,1,0,1,0,0,1
1033,297,1,1,37.5,0,0,1,1,0,0,0
1033,297,2,0,37.5,1,0,1,1,0,1,0
1034,298,1,1,17.5,1,1,0,1,0,0,1
1034,298,2,0,37.5,0,0,0,0,1,0,1
1034,299,1,1,17.5,1,0,0,0,0,0,0
1034,299,2,0,37.5,0,1,0,0,0,1,0
1034,300,1,1,37.5,1,1,0,0,0,0,1
1034,300,2,0,17.5,1,0,1,0,1,1,0
1034,301,1,1,37.5,1,0,0,0,1,0,0
1034,301,2,0,17.5,0,0,0,0,0,1,0
1034,302,1,0,37.5,1,0,1,1,0,1,0
1034,302,2,1,37.5,1,1,0,0,0,0,1
1034,303,1,0,17.5,0,0,1,0,1,0,1
1034,303,2,1,17.5,1,0,0,0,0,0,0
1034,304,1,0,17.5,0,0,0,0,0,1,0
1034,304,2,1,27.5,0,0,1,0,0,0,1
1034,305,1,0,27.5,0,1,0,0,1,0,0
1034,305,2,1,17.5,1,1,0,1,0,0,1
1034,306,1,0,37.5,0,0,1,1,0,0,0
1034,306,2,1,37.5,1,0,1,1,0,1,0
1035,307,1,1,17.5,1,1,0,1,0,0,1
1035,307,2,0,37.5,0,0,0,0,1,0,1
1035,308,1,1,17.5,1,0,0,0,0,0,0
1035,308,2,0,37.5,0,1,0,0,0,1,0
1035,309,1,1,37.5,1,1,0,0,0,0,1
1035,309,2,0,17.5,1,0,1,0,1,1,0
1035,310,1,1,37.5,1,0,0,0,1,0,0
1035,310,2,0,17.5,0,0,0,0,0,1,0
1035,311,1,0,37.5,1,0,1,1,0,1,0
1035,311,2,1,37.5,1,1,0,0,0,0,1
1035,312,1,0,17.5,0,0,1,0,1,0,1
1035,312,2,1,17.5,1,0,0,0,0,0,0
1035,313,1,0,17.5,0,0,0,0,0,1,0
1035,313,2,1,27.5,0,0,1,0,0,0,1
1035,314,1,0,27.5,0,1,0,0,1,0,0
1035,314,2,1,17.5,1,1,0,1,0,0,1
1035,315,1,1,37.5,0,0,1,1,0,0,0
1035,315,2,0,37.5,1,0,1,1,0,1,0
1036,316,1,0,17.5,1,1,0,1,0,0,1
1036,316,2,1,37.5,0,0,0,0,1,0,1
1036,317,1,1,17.5,1,0,0,0,0,0,0
1036,317,2,0,37.5,0,1,0,0,0,1,0
1036,318,1,1,37.5,1,1,0,0,0,0,1
1036,318,2,0,17.5,1,0,1,0,1,1,0
1036,319,1,1,37.5,1,0,0,0,1,0,0
1036,319,2,0,17.5,0,0,0,0,0,1,0
1036,320,1,0,37.5,1,0,1,1,0,1,0
1036,320,2,1,37.5,1,1,0,0,0,0,1
1036,321,1,1,17.5,0,0,1,0,1,0,1
1036,321,2,0,17.5,1,0,0,0,0,0,0
1036,322,1,0,17.5,0,0,0,0,0,1,0
1036,322,2,1,27.5,0,0,1,0,0,0,1
1036,323,1,1,27.5,0,1,0,0,1,0,0
1036,323,2,0,17.5,1,1,0,1,0,0,1
1036,324,1,1,37.5,0,0,1,1,0,0,0
1036,324,2,0,37.5,1,0,1,1,0,1,0
1037,325,1,1,17.5,1,1,0,1,0,0,1
1037,325,2,0,37.5,0,0,0,0,1,0,1
1037,326,1,1,17.5,1,0,0,0,0,0,0
1037,326,2,0,37.5,0,1,0,0,0,1,0
1037,327,1,0,37.5,1,1,0,0,0,0,1
1037,327,2,1,17.5,1,0,1,0,1,1,0
1037,328,1,1,37.5,1,0,0,0,1,0,0
1037,328,2,0,17.5,0,0,0,0,0,1,0
1037,329,1,1,37.5,1,0,1,1,0,1,0
1037,329,2,0,37.5,1,1,0,0,0,0,1
1037,330,1,1,17.5,0,0,1,0,1,0,1
1037,330,2,0,17.5,1,0,0,0,0,0,0
1037,331,1,1,17.5,0,0,0,0,0,1,0
1037,331,2,0,27.5,0,0,1,0,0,0,1
1037,332,1,0,27.5,0,1,0,0,1,0,0
1037,332,2,1,17.5,1,1,0,1,0,0,1
1037,333,1,1,37.5,0,0,1,1,0,0,0
1037,333,2,0,37.5,1,0,1,1,0,1,0
1038,334,1,1,17.5,1,1,0,1,0,0,1
1038,334,2,0,37.5,0,0,0,0,1,0,1
1038,335,1,1,17.5,1,0,0,0,0,0,0
1038,335,2,0,37.5,0,1,0,0,0,1,0
1038,336,1,1,37.5,1,1,0,0,0,0,1
1038,336,2,0,17.5,1,0,1,0,1,1,0
1038,337,1,0,37.5,1,0,0,0,1,0,0
1038,337,2,1,17.5,0,0,0,0,0,1,0
1038,338,1,0,37.5,1,0,1,1,0,1,0
1038,338,2,1,37.5,1,1,0,0,0,0,1
1038,339,1,0,17.5,0,0,1,0,1,0,1
1038,339,2,1,17.5,1,0,0,0,0,0,0
1038,340,1,1,17.5,0,0,0,0,0,1,0
1038,340,2,0,27.5,0,0,1,0,0,0,1
1038,341,1,1,27.5,0,1,0,0,1,0,0
1038,341,2,0,17.5,1,1,0,1,0,0,1
1038,342,1,0,37.5,0,0,1,1,0,0,0
1038,342,2,1,37.5,1,0,1,1,0,1,0
1039,343,1,1,17.5,1,1,0,1,0,0,1
1039,343,2,0,37.5,0,0,0,0,1,0,1
1039,344,1,1,17.5,1,0,0,0,0,0,0
1039,344,2,0,37.5,0,1,0,0,0,1,0
1039,345,1,0,37.5,1,1,0,0,0,0,1
1039,345,2,1,17.5,1,0,1,0,1,1,0
1039,346,1,0,37.5,1,0,0,0,1,0,0
1039,346,2,1,17.5,0,0,0,0,0,1,0
1039,347,1,0,37.5,1,0,1,1,0,1,0
1039,347,2,1,37.5,1,1,0,0,0,0,1
1039,348,1,1,17.5,0,0,1,0,1,0,1
1039,348,2,0,17.5,1,0,0,0,0,0,0
1039,349,1,1,17.5,0,0,0,0,0,1,0
1039,349,2,0,27.5,0,0,1,0,0,0,1
1039,350,1,0,27.5,0,1,0,0,1,0,0
1039,350,2,1,17.5,1,1,0,1,0,0,1
1039,351,1,1,37.5,0,0,1,1,0,0,0
1039,351,2,0,37.5,1,0,1,1,0,1,0
1040,352,1,0,17.5,1,0,1,0,1,1,0
1040,352,2,1,27.5,1,0,0,1,0,0,1
1040,353,1,1,27.5,1,0,0,1,0,0,1
1040,353,2,0,27.5,1,0,1,0,0,0,0
1040,354,1,0,27.5,1,0,1,0,0,0,0
1040,354,2,1,27.5,0,0,0,1,0,1,0
1040,355,1,0,27.5,1,1,0,0,1,1,0
1040,355,2,1,17.5,0,0,1,0,1,0,1
1040,356,1,0,17.5,0,1,0,1,0,0,0
1040,356,2,1,27.5,1,1,0,0,1,1,0
1040,357,1,0,27.5,0,0,1,0,0,0,1
1040,357,2,1,37.5,0,0,1,1,0,0,0
1040,358,1,1,27.5,0,0,0,1,0,1,0
1040,358,2,0,17.5,0,1,0,1,0,0,0
1040,359,1,1,37.5,0,0,0,0,1,0,1
1040,359,2,0,27.5,0,1,0,0,1,0,0
1040,360,1,0,37.5,0,1,0,0,0,1,0
1040,360,2,1,37.5,1,0,0,0,1,0,0
1041,361,1,0,17.5,1,1,0,1,0,0,1
1041,361,2,1,37.5,0,0,0,0,1,0,1
1041,362,1,1,17.5,1,0,0,0,0,0,0
1041,362,2,0,37.5,0,1,0,0,0,1,0
1041,363,1,0,37.5,1,1,0,0,0,0,1
1041,363,2,1,17.5,1,0,1,0,1,1,0
1041,364,1,1,37.5,1,0,0,0,1,0,0
1041,364,2,0,17.5,0,0,0,0,0,1,0
1041,365,1,0,37.5,1,0,1,1,0,1,0
1041,365,2,1,37.5,1,1,0,0,0,0,1
1041,366,1,0,17.5,0,0,1,0,1,0,1
1041,366,2,1,17.5,1,0,0,0,0,0,0
1041,367,1,0,17.5,0,0,0,0,0,1,0
1041,367,2,1,27.5,0,0,1,0,0,0,1
1041,368,1,1,27.5,0,1,0,0,1,0,0
1041,368,2,0,17.5,1,1,0,1,0,0,1
1041,369,1,1,37.5,0,0,1,1,0,0,0
1041,369,2,0,37.5,1,0,1,1,0,1,0
1042,370,1,0,17.5,1,0,1,0,1,1,0
1042,370,2,1,27.5,1,0,0,1,0,0,1
1042,371,1,0,27.5,1,0,0,1,0,0,1
1042,371,2,1,27.5,1,0,1,0,0,0,0
1042,372,1,1,27.5,1,0,1,0,0,0,0
1042,372,2,0,27.5,0,0,0,1,0,1,0
1042,373,1,0,27.5,1,1,0,0,1,1,0
1042,373,2,1,17.5,0,0,1,0,1,0,1
1042,374,1,1,17.5,0,1,0,1,0,0,0
1042,374,2,0,27.5,1,1,0,0,1,1,0
1042,375,1,1,27.5,0,0,1,0,0,0,1
1042,375,2,0,37.5,0,0,1,1,0,0,0
1042,376,1,0,27.5,0,0,0,1,0,1,0
1042,376,2,1,17.5,0,1,0,1,0,0,0
1042,377,1,1,37.5,0,0,0,0,1,0,1
1042,377,2,0,27.5,0,1,0,0,1,0,0
1042,378,1,0,37.5,0,1,0,0,0,1,0
1042,378,2,1,37.5,1,0,0,0,1,0,0
1043,379,1,1,17.5,1,0,1,0,1,1,0
1043,379,2,0,27.5,1,0,0,1,0,0,1
1043,380,1,0,27.5,1,0,0,1,0,0,1
1043,380,2,1,27.5,1,0,1,0,0,0,0
1043,381,1,1,27.5,1,0,1,0,0,0,0
1043,381,2,0,27.5,0,0,0,1,0,1,0
1043,382,1,0,27.5,1,1,0,0,1,1,0
1043,382,2,1,17.5,0,0,1,0,1,0,1
1043,383,1,1,17.5,0,1,0,1,0,0,0
1043,383,2,0,27.5,1,1,0,0,1,1,0
1043,384,1,0,27.5,0,0,1,0,0,0,1
1043,384,2,1,37.5,0,0,1,1,0,0,0
1043,385,1,0,27.5,0,0,0,1,0,1,0
1043,385,2,1,17.5,0,1,0,1,0,0,0
1043,386,1,0,37.5,0,0,0,0,1,0,1
1043,386,2,1,27.5,0,1,0,0,1,0,0
1043,387,1,0,37.5,0,1,0,0,0,1,0
1043,387,2,1,37.5,1,0,0,0,1,0,0
1044,388,1,1,17.5,1,1,0,1,0,0,1
1044,388,2,0,37.5,0,0,0,0,1,0,1
1044,389,1,1,17.5,1,0,0,0,0,0,0
1044,389,2,0,37.5,0,1,0,0,0,1,0
1044,390,1,0,37.5,1,1,0,0,0,0,1
1044,390,2,1,17.5,1,0,1,0,1,1,0
1044,391,1,1,37.5,1,0,0,0,1,0,0
1044,391,2,0,17.5,0,0,0,0,0,1,0
1044,392,1,0,37.5,1,0,1,1,0,1,0
1044,392,2,1,37.5,1,1,0,0,0,0,1
1044,393,1,1,17.5,0,0,1,0,1,0,1
1044,393,2,0,17.5,1,0,0,0,0,0,0
1044,394,1,0,17.5,0,0,0,0,0,1,0
1044,394,2,1,27.5,0,0,1,0,0,0,1
1044,395,1,0,27.5,0,1,0,0,1,0,0
1044,395,2,1,17.5,1,1,0,1,0,0,1
1044,396,1,0,37.5,0,0,1,1,0,0,0
1044,396,2,1,37.5,1,0,1,1,0,1,0
1045,397,1,1,17.5,1,0,1,0,1,1,0
1045,397,2,0,27.5,1,0,0,1,0,0,1
1045,398,1,0,27.5,1,0,0,1,0,0,1
1045,398,2,1,27.5,1,0,1,0,0,0,0
1045,399,1,1,27.5,1,0,1,0,0,0,0
1045,399,2,0,27.5,0,0,0,1,0,1,0
1045,400,1,1,27.5,1,1,0,0,1,1,0
1045,400,2,0,17.5,0,0,1,0,1,0,1
1045,401,1,0,17.5,0,1,0,1,0,0,0
1045,401,2,1,27.5,1,1,0,0,1,1,0
1045,402,1,0,27.5,0,0,1,0,0,0,1
1045,402,2,1,37.5,0,0,1,1,0,0,0
1045,403,1,1,27.5,0,0,0,1,0,1,0
1045,403,2,0,17.5,0,1,0,1,0,0,0
1045,404,1,1,37.5,0,0,0,0,1,0,1
1045,404,2,0,27.5,0,1,0,0,1,0,0
1045,405,1,1,37.5,0,1,0,0,0,1,0
1045,405,2,0,37.5,1,0,0,0,1,0,0
1046,406,1,0,17.5,1,1,0,1,0,0,1
1046,406,2,1,37.5,0,0,0,0,1,0,1
1046,407,1,1,17.5,1,0,0,0,0,0,0
1046,407,2,0,37.5,0,1,0,0,0,1,0
1046,408,1,0,37.5,1,1,0,0,0,0,1
1046,408,2,1,17.5,1,0,1,0,1,1,0
1046,409,1,1,37.5,1,0,0,0,1,0,0
1046,409,2,0,17.5,0,0,0,0,0,1,0
1046,410,1,0,37.5,1,0,1,1,0,1,0
1046,410,2,1,37.5,1,1,0,0,0,0,1
1046,411,1,1,17.5,0,0,1,0,1,0,1
1046,411,2,0,17.5,1,0,0,0,0,0,0
1046,412,1,0,17.5,0,0,0,0,0,1,0
1046,412,2,1,27.5,0,0,1,0,0,0,1
1046,413,1,1,27.5,0,1,0,0,1,0,0
1046,413,2,0,17.5,1,1,0,1,0,0,1
1046,414,1,1,37.5,0,0,1,1,0,0,0
1046,414,2,0,37.5,1,0,1,1,0,1,0
1047,415,1,1,17.5,1,1,0,1,0,0,1
1047,415,2,0,37.5,0,0,0,0,1,0,1
1047,416,1,1,17.5,1,0,0,0,0,0,0
1047,416,2,0,37.5,0,1,0,0,0,1,0
1047,417,1,0,37.5,1,1,0,0,0,0,1
1047,417,2,1,17.5,1,0,1,0,1,1,0
1047,418,1,0,37.5,1,0,0,0,1,0,0
1047,418,2,1,17.5,0,0,0,0,0,1,0
1047,419,1,0,37.5,1,0,1,1,0,1,0
1047,419,2,1,37.5,1,1,0,0,0,0,1
1047,420,1,1,17.5,0,0,1,0,1,0,1
1047,420,2,0,17.5,1,0,0,0,0,0,0
1047,421,1,0,17.5,0,0,0,0,0,1,0
1047,421,2,1,27.5,0,0,1,0,0,0,1
1047,422,1,1,27.5,0,1,0,0,1,0,0
1047,422,2,0,17.5,1,1,0,1,0,0,1
1047,423,1,0,37.5,0,0,1,1,0,0,0
1047,423,2,1,37.5,1,0,1,1,0,1,0
1048,424,1,1,17.5,1,1,0,1,0,0,1
1048,424,2,0,37.5,0,0,0,0,1,0,1
1048,425,1,1,17.5,1,0,0,0,0,0,0
1048,425,2,0,37.5,0,1,0,0,0,1,0
1048,426,1,0,37.5,1,1,0,0,0,0,1
1048,426,2,1,17.5,1,0,1,0,1,1,0
1048,427,1,0,37.5,1,0,0,0,1,0,0
1048,427,2,1,17.5,0,0,0,0,0,1,0
1048,428,1,1,37.5,1,0,1,1,0,1,0
1048,428,2,0,37.5,1,1,0,0,0,0,1
1048,429,1,1,17.5,0,0,1,0,1,0,1
1048,429,2,0,17.5,1,0,0,0,0,0,0
1048,430,1,0,17.5,0,0,0,0,0,1,0
1048,430,2,1,27.5,0,0,1,0,0,0,1
1048,431,1,0,27.5,0,1,0,0,1,0,0
1048,431,2,1,17.5,1,1,0,1,0,0,1
1048,432,1,1,37.5,0,0,1,1,0,0,0
1048,432,2,0,37.5,1,0,1,1,0,1,0
1049,433,1,1,17.5,1,0,1,0,1,1,0
1049,433,2,0,27.5,1,0,0,1,0,0,1
1049,434,1,0,27.5,1,0,0,1,0,0,1
1049,434,2,1,27.5,1,0,1,0,0,0,0
1049,435,1,1,27.5,1,0,1,0,0,0,0
1049,435,2,0,27.5,0,0,0,1,0,1,0
1049,436,1,1,27.5,1,1,0,0,1,1,0
1049,436,2,0,17.5,0,0,1,0,1,0,1
1049,437,1,1,17.5,0,1,0,1,0,0,0
1049,437,2,0,27.5,1,1,0,0,1,1,0
1049,438,1,1,27.5,0,0,1,0,0,0,1
1049,438,2,0,37.5,0,0,1,1,0,0,0
1049,439,1,1,27.5,0,0,0,1,0,1,0
1049,439,2,0,17.5,0,1,0,1,0,0,0
1049,440,1,1,37.5,0,0,0,0,1,0,1
1049,440,2,0,27.5,0,1,0,0,1,0,0
1049,441,1,1,37.5,0,1,0,0,0,1,0
1049,441,2,0,37.5,1,0,0,0,1,0,0
1050,442,1,1,17.5,1,0,1,0,1,1,0
1050,442,2,0,27.5,1,0,0,1,0,0,1
1050,443,1,1,27.5,1,0,0,1,0,0,1
1050,443,2,0,27.5,1,0,1,0,0,0,0
1050,444,1,1,27.5,1,0,1,0,0,0,0
1050,444,2,0,27.5,0,0,0,1,0,1,0
1050,445,1,0,27.5,1,1,0,0,1,1,0
1050,445,2,1,17.5,0,0,1,0,1,0,1
1050,446,1,0,17.5,0,1,0,1,0,0,0
1050,446,2,1,27.5,1,1,0,0,1,1,0
1050,447,1,1,27.5,0,0,1,0,0,0,1
1050,447,2,0,37.5,0,0,1,1,0,0,0
1050,448,1,1,27.5,0,0,0,1,0,1,0
1050,448,2,0,17.5,0,1,0,1,0,0,0
1050,449,1,1,37.5,0,0,0,0,1,0,1
1050,449,2,0,27.5,0,1,0,0,1,0,0
1050,450,1,0,37.5,0,1,0,0,0,1,0
1050,450,2,1,37.5,1,0,0,0,1,0,0
1051,451,1,0,17.5,1,0,1,0,1,1,0
1051,451,2,1,27.5,1,0,0,1,0,0,1
1051,452,1,1,27.5,1,0,0,1,0,0,1
1051,452,2,0,27.5,1,0,1,0,0,0,0
1051,453,1,1,27.5,1,0,1,0,0,0,0
1051,453,2,0,27.5,0,0,0,1,0,1,0
1051,454,1,0,27.5,1,1,0,0,1,1,0
1051,454,2,1,17.5,0,0,1,0,1,0,1
1051,455,1,1,17.5,0,1,0,1,0,0,0
1051,455,2,0,27.5,1,1,0,0,1,1,0
1051,456,1,1,27.5,0,0,1,0,0,0,1
1051,456,2,0,37.5,0,0,1,1,0,0,0
1051,457,1,0,27.5,0,0,0,1,0,1,0
1051,457,2,1,17.5,0,1,0,1,0,0,0
1051,458,1,1,37.5,0,0,0,0,1,0,1
1051,458,2,0,27.5,0,1,0,0,1,0,0
1051,459,1,0,37.5,0,1,0,0,0,1,0
1051,459,2,1,37.5,1,0,0,0,1,0,0
1052,460,1,1,17.5,1,1,0,1,0,0,1
1052,460,2,0,37.5,0,0,0,0,1,0,1
1052,461,1,1,17.5,1,0,0,0,0,0,0
1052,461,2,0,37.5,0,1,0,0,0,1,0
1052,462,1,0,37.5,1,1,0,0,0,0,1
1052,462,2,1,17.5,1,0,1,0,1,1,0
1052,463,1,0,37.5,1,0,0,0,1,0,0
1052,463,2,1,17.5,0,0,0,0,0,1,0
1052,464,1,0,37.5,1,0,1,1,0,1,0
1052,464,2,1,37.5,1,1,0,0,0,0,1
1052,465,1,1,17.5,0,0,1,0,1,0,1
1052,465,2,0,17.5,1,0,0,0,0,0,0
1052,466,1,0,17.5,0,0,0,0,0,1,0
1052,466,2,1,27.5,0,0,1,0,0,0,1
1052,467,1,0,27.5,0,1,0,0,1,0,0
1052,467,2,1,17.5,1,1,0,1,0,0,1
1052,468,1,1,37.5,0,0,1,1,0,0,0
1052,468,2,0,37.5,1,0,1,1,0,1,0
1053,469,1,1,17.5,1,1,0,1,0,0,1
1053,469,2,0,37.5,0,0,0,0,1,0,1
1053,470,1,1,17.5,1,0,0,0,0,0,0
1053,470,2,0,37.5,0,1,0,0,0,1,0
1053,471,1,0,37.5,1,1,0,0,0,0,1
1053,471,2,1,17.5,1,0,1,0,1,1,0
1053,472,1,0,37.5,1,0,0,0,1,0,0
1053,472,2,1,17.5,0,0,0,0,0,1,0
1053,473,1,0,37.5,1,0,1,1,0,1,0
1053,473,2,1,37.5,1,1,0,0,0,0,1
1053,474,1,1,17.5,0,0,1,0,1,0,1
1053,474,2,0,17.5,1,0,0,0,0,0,0
1053,475,1,0,17.5,0,0,0,0,0,1,0
1053,475,2,1,27.5,0,0,1,0,0,0,1
1053,476,1,1,27.5,0,1,0,0,1,0,0
1053,476,2,0,17.5,1,1,0,1,0,0,1
1053,477,1,1,37.5,0,0,1,1,0,0,0
1053,477,2,0,37.5,1,0,1,1,0,1,0
1054,478,1,0,17.5,1,1,0,1,0,0,1
1054,478,2,1,37.5,0,0,0,0,1,0,1
1054,479,1,1,17.5,1,0,0,0,0,0,0
1054,479,2,0,37.5,0,1,0,0,0,1,0
1054,480,1,0,37.5,1,1,0,0,0,0,1
1054,480,2,1,17.5,1,0,1,0,1,1,0
1054,481,1,1,37.5,1,0,0,0,1,0,0
1054,481,2,0,17.5,0,0,0,0,0,1,0
1054,482,1,0,37.5,1,0,1,1,0,1,0
1054,482,2,1,37.5,1,1,0,0,0,0,1
1054,483,1,0,17.5,0,0,1,0,1,0,1
1054,483,2,1,17.5,1,0,0,0,0,0,0
1054,484,1,1,17.5,0,0,0,0,0,1,0
1054,484,2,0,27.5,0,0,1,0,0,0,1
1054,485,1,0,27.5,0,1,0,0,1,0,0
1054,485,2,1,17.5,1,1,0,1,0,0,1
1054,486,1,0,37.5,0,0,1,1,0,0,0
1054,486,2,1,37.5,1,0,1,1,0,1,0
1055,487,1,1,17.5,1,0,1,0,1,1,0
1055,487,2,0,27.5,1,0,0,1,0,0,1
1055,488,1,1,27.5,1,0,0,1,0,0,1
1055,488,2,0,27.5,1,0,1,0,0,0,0
1055,489,1,1,27.5,1,0,1,0,0,0,0
1055,489,2,0,27.5,0,0,0,1,0,1,0
1055,490,1,0,27.5,1,1,0,0,1,1,0
1055,490,2,1,17.5,0,0,1,0,1,0,1
1055,491,1,1,17.5,0,1,0,1,0,0,0
1055,491,2,0,27.5,1,1,0,0,1,1,0
1055,492,1,1,27.5,0,0,1,0,0,0,1
1055,492,2,0,37.5,0,0,1,1,0,0,0
1055,493,1,0,27.5,0,0,0,1,0,1,0
1055,493,2,1,17.5,0,1,0,1,0,0,0
1055,494,1,0,37.5,0,0,0,0,1,0,1
1055,494,2,1,27.5,0,1,0,0,1,0,0
1055,495,1,0,37.5,0,1,0,0,0,1,0
1055,495,2,1,37.5,1,0,0,0,1,0,0
1056,496,1,0,17.5,1,1,0,1,0,0,1
1056,496,2,1,37.5,0,0,0,0,1,0,1
1056,497,1,1,17.5,1,0,0,0,0,0,0
1056,497,2,0,37.5,0,1,0,0,0,1,0
1056,498,1,0,37.5,1,1,0,0,0,0,1
1056,498,2,1,17.5,1,0,1,0,1,1,0
1056,499,1,1,37.5,1,0,0,0,1,0,0
1056,499,2,0,17.5,0,0,0,0,0,1,0
1056,500,1,1,37.5,1,0,1,1,0,1,0
1056,500,2,0,37.5,1,1,0,0,0,0,1
1056,501,1,1,17.5,0,0,1,0,1,0,1
1056,501,2,0,17.5,1,0,0,0,0,0,0
1056,502,1,1,17.5,0,0,0,0,0,1,0
1056,502,2,0,27.5,0,0,1,0,0,0,1
1056,503,1,1,27.5,0,1,0,0,1,0,0
1056,503,2,0,17.5,1,1,0,1,0,0,1
1056,504,1,1,37.5,0,0,1,1,0,0,0
1056,504,2,0,37.5,1,0,1,1,0,1,0
1057,505,1,1,17.5,1,1,0,1,0,0,1
1057,505,2,0,37.5,0,0,0,0,1,0,1
1057,506,1,1,17.5,1,0,0,0,0,0,0
1057,506,2,0,37.5,0,1,0,0,0,1,0
1057,507,1,0,37.5,1,1,0,0,0,0,1
1057,507,2,1,17.5,1,0,1,0,1,1,0
1057,508,1,1,37.5,1,0,0,0,1,0,0
1057,508,2,0,17.5,0,0,0,0,0,1,0
1057,509,1,1,37.5,1,0,1,1,0,1,0
1057,509,2,0,37.5,1,1,0,0,0,0,1
1057,510,1,0,17.5,0,0,1,0,1,0,1
1057,510,2,1,17.5,1,0,0,0,0,0,0
1057,511,1,1,17.5,0,0,0,0,0,1,0
1057,511,2,0,27.5,0,0,1,0,0,0,1
1057,512,1,0,27.5,0,1,0,0,1,0,0
1057,512,2,1,17.5,1,1,0,1,0,0,1
1057,513,1,0,37.5,0,0,1,1,0,0,0
1057,513,2,1,37.5,1,0,1,1,0,1,0
1058,514,1,1,17.5,1,0,1,0,1,1,0
1058,514,2,0,27.5,1,0,0,1,0,0,1
1058,515,1,0,27.5,1,0,0,1,0,0,1
1058,515,2,1,27.5,1,0,1,0,0,0,0
1058,516,1,1,27.5,1,0,1,0,0,0,0
1058,516,2,0,27.5,0,0,0,1,0,1,0
1058,517,1,0,27.5,1,1,0,0,1,1,0
1058,517,2,1,17.5,0,0,1,0,1,0,1
1058,518,1,0,17.5,0,1,0,1,0,0,0
1058,518,2,1,27.5,1,1,0,0,1,1,0
1058,519,1,1,27.5,0,0,1,0,0,0,1
1058,519,2,0,37.5,0,0,1,1,0,0,0
1058,520,1,0,27.5,0,0,0,1,0,1,0
1058,520,2,1,17.5,0,1,0,1,0,0,0
1058,521,1,1,37.5,0,0,0,0,1,0,1
1058,521,2,0,27.5,0,1,0,0,1,0,0
1058,522,1,0,37.5,0,1,0,0,0,1,0
1058,522,2,1,37.5,1,0,0,0,1,0,0
1059,523,1,1,17.5,1,1,0,1,0,0,1
1059,523,2,0,37.5,0,0,0,0,1,0,1
1059,524,1,1,17.5,1,0,0,0,0,0,0
1059,524,2,0,37.5,0,1,0,0,0,1,0
1059,525,1,0,37.5,1,1,0,0,0,0,1
1059,525,2,1,17.5,1,0,1,0,1,1,0
1059,526,1,1,37.5,1,0,0,0,1,0,0
1059,526,2,0,17.5,0,0,0,0,0,1,0
1059,527,1,0,37.5,1,0,1,1,0,1,0
1059,527,2,1,37.5,1,1,0,0,0,0,1
1059,528,1,0,17.5,0,0,1,0,1,0,1
1059,528,2,1,17.5,1,0,0,0,0,0,0
1059,529,1,0,17.5,0,0,0,0,0,1,0
1059,529,2,1,27.5,0,0,1,0,0,0,1
1059,530,1,0,27.5,0,1,0,0,1,0,0
1059,530,2,1,17.5,1,1,0,1,0,0,1
1059,531,1,0,37.5,0,0,1,1,0,0,0
1059,531,2,1,37.5,1,0,1,1,0,1,0
1060,532,1,1,17.5,1,1,0,1,0,0,1
1060,532,2,0,37.5,0,0,0,0,1,0,1
1060,533,1,0,17.5,1,0,0,0,0,0,0
1060,533,2,1,37.5,0,1,0,0,0,1,0
1060,534,1,1,37.5,1,1,0,0,0,0,1
1060,534,2,0,17.5,1,0,1,0,1,1,0
1060,535,1,1,37.5,1,0,0,0,1,0,0
1060,535,2,0,17.5,0,0,0,0,0,1,0
1060,536,1,0,37.5,1,0,1,1,0,1,0
1060,536,2,1,37.5,1,1,0,0,0,0,1
1060,537,1,1,17.5,0,0,1,0,1,0,1
1060,537,2,0,17.5,1,0,0,0,0,0,0
1060,538,1,0,17.5,0,0,0,0,0,1,0
1060,538,2,1,27.5,0,0,1,0,0,0,1
1060,539,1,0,27.5,0,1,0,0,1,0,0
1060,539,2,1,17.5,1,1,0,1,0,0,1
1060,540,1,0,37.5,0,0,1,1,0,0,0
1060,540,2,1,37.5,1,0,1,1,0,1,0
1061,541,1,0,17.5,1,1,0,1,0,0,1
1061,541,2,1,37.5,0,0,0,0,1,0,1
1061,542,1,1,17.5,1,0,0,0,0,0,0
1061,542,2,0,37.5,0,1,0,0,0,1,0
1061,543,1,0,37.5,1,1,0,0,0,0,1
1061,543,2,1,17.5,1,0,1,0,1,1,0
1061,544,1,0,37.5,1,0,0,0,1,0,0
1061,544,2,1,17.5,0,0,0,0,0,1,0
1061,545,1,0,37.5,1,0,1,1,0,1,0
1061,545,2,1,37.5,1,1,0,0,0,0,1
1061,546,1,1,17.5,0,0,1,0,1,0,1
1061,546,2,0,17.5,1,0,0,0,0,0,0
1061,547,1,1,17.5,0,0,0,0,0,1,0
1061,547,2,0,27.5,0,0,1,0,0,0,1
1061,548,1,1,27.5,0,1,0,0,1,0,0
1061,548,2,0,17.5,1,1,0,1,0,0,1
1061,549,1,1,37.5,0,0,1,1,0,0,0
1061,549,2,0,37.5,1,0,1,1,0,1,0
1062,550,1,1,17.5,1,0,1,0,1,1,0
1062,550,2,0,27.5,1,0,0,1,0,0,1
1062,551,1,0,27.5,1,0,0,1,0,0,1
1062,551,2,1,27.5,1,0,1,0,0,0,0
1062,552,1,1,27.5,1,0,1,0,0,0,0
1062,552,2,0,27.5,0,0,0,1,0,1,0
1062,553,1,0,27.5,1,1,0,0,1,1,0
1062,553,2,1,17.5,0,0,1,0,1,0,1
1062,554,1,1,17.5,0,1,0,1,0,0,0
1062,554,2,0,27.5,1,1,0,0,1,1,0
1062,555,1,0,27.5,0,0,1,0,0,0,1
1062,555,2,1,37.5,0,0,1,1,0,0,0
1062,556,1,0,27.5,0,0,0,1,0,1,0
1062,556,2,1,17.5,0,1,0,1,0,0,0
1062,557,1,1,37.5,0,0,0,0,1,0,1
1062,557,2,0,27.5,0,1,0,0,1,0,0
1062,558,1,0,37.5,0,1,0,0,0,1,0
1062,558,2,1,37.5,1,0,0,0,1,0,0
1063,559,1,1,17.5,1,1,0,1,0,0,1
1063,559,2,0,37.5,0,0,0,0,1,0,1
1063,560,1,1,17.5,1,0,0,0,0,0,0
1063,560,2,0,37.5,0,1,0,0,0,1,0
1063,561,1,0,37.5,1,1,0,0,0,0,1
1063,561,2,1,17.5,1,0,1,0,1,1,0
1063,562,1,1,37.5,1,0,0,0,1,0,0
1063,562,2,0,17.5,0,0,0,0,0,1,0
1063,563,1,1,37.5,1,0,1,1,0,1,0
1063,563,2,0,37.5,1,1,0,0,0,0,1
1063,564,1,1,17.5,0,0,1,0,1,0,1
1063,564,2,0,17.5,1,0,0,0,0,0,0
1063,565,1,0,17.5,0,0,0,0,0,1,0
1063,565,2,1,27.5,0,0,1,0,0,0,1
1063,566,1,0,27.5,0,1,0,0,1,0,0
1063,566,2,1,17.5,1,1,0,1,0,0,1
1063,567,1,1,37.5,0,0,1,1,0,0,0
1063,567,2,0,37.5,1,0,1,1,0,1,0
1064,568,1,1,17.5,1,1,0,1,0,0,1
1064,568,2,0,37.5,0,0,0,0,1,0,1
1064,569,1,1,17.5,1,0,0,0,0,0,0
1064,569,2,0,37.5,0,1,0,0,0,1,0
1064,570,1,0,37.5,1,1,0,0,0,0,1
1064,570,2,1,17.5,1,0,1,0,1,1,0
1064,571,1,0,37.5,1,0,0,0,1,0,0
1064,571,2,1,17.5,0,0,0,0,0,1,0
1064,572,1,1,37.5,1,0,1,1,0,1,0
1064,572,2,0,37.5,1,1,0,0,0,0,1
1064,573,1,1,17.5,0,0,1,0,1,0,1
1064,573,2,0,17.5,1,0,0,0,0,0,0
1064,574,1,0,17.5,0,0,0,0,0,1,0
1064,574,2,1,27.5,0,0,1,0,0,0,1
1064,575,1,0,27.5,0,1,0,0,1,0,0
1064,575,2,1,17.5,1,1,0,1,0,0,1
1064,576,1,1,37.5,0,0,1,1,0,0,0
1064,576,2,0,37.5,1,0,1,1,0,1,0
1065,577,1,1,17.5,1,0,1,0,1,1,0
1065,577,2,0,27.5,1,0,0,1,0,0,1
1065,578,1,0,27.5,1,0,0,1,0,0,1
1065,578,2,1,27.5,1,0,1,0,0,0,0
1065,579,1,1,27.5,1,0,1,0,0,0,0
1065,579,2,0,27.5,0,0,0,1,0,1,0
1065,580,1,0,27.5,1,1,0,0,1,1,0
1065,580,2,1,17.5,0,0,1,0,1,0,1
1065,581,1,0,17.5,0,1,0,1,0,0,0
1065,581,2,1,27.5,1,1,0,0,1,1,0
1065,582,1,0,27.5,0,0,1,0,0,0,1
1065,582,2,1,37.5,0,0,1,1,0,0,0
1065,583,1,1,27.5,0,0,0,1,0,1,0
1065,583,2,0,17.5,0,1,0,1,0,0,0
1065,584,1,0,37.5,0,0,0,0,1,0,1
1065,584,2,1,27.5,0,1,0,0,1,0,0
1065,585,1,0,37.5,0,1,0,0,0,1,0
1065,585,2,1,37.5,1,0,0,0,1,0,0
1066,586,1,0,17.5,1,1,0,1,0,0,1
1066,586,2,1,37.5,0,0,0,0,1,0,1
1066,587,1,1,17.5,1,0,0,0,0,0,0
1066,587,2,0,37.5,0,1,0,0,0,1,0
1066,588,1,0,37.5,1,1,0,0,0,0,1
1066,588,2,1,17.5,1,0,1,0,1,1,0
1066,589,1,1,37.5,1,0,0,0,1,0,0
1066,589,2,0,17.5,0,0,0,0,0,1,0
1066,590,1,0,37.5,1,0,1,1,0,1,0
1066,590,2,1,37.5,1,1,0,0,0,0,1
1066,591,1,1,17.5,0,0,1,0,1,0,1
1066,591,2,0,17.5,1,0,0,0,0,0,0
1066,592,1,0,17.5,0,0,0,0,0,1,0
1066,592,2,1,27.5,0,0,1,0,0,0,1
1066,593,1,1,27.5,0,1,0,0,1,0,0
1066,593,2,0,17.5,1,1,0,1,0,0,1
1066,594,1,1,37.5,0,0,1,1,0,0,0
1066,594,2,0,37.5,1,0,1,1,0,1,0
1067,595,1,1,17.5,1,1,0,1,0,0,1
1067,595,2,0,37.5,0,0,0,0,1,0,1
1067,596,1,1,17.5,1,0,0,0,0,0,0
1067,596,2,0,37.5,0,1,0,0,0,1,0
1067,597,1,0,37.5,1,1,0,0,0,0,1
1067,597,2,1,17.5,1,0,1,0,1,1,0
1067,598,1,1,37.5,1,0,0,0,1,0,0
1067,598,2,0,17.5,0,0,0,0,0,1,0
1067,599,1,0,37.5,1,0,1,1,0,1,0
1067,599,2,1,37.5,1,1,0,0,0,0,1
1067,600,1,1,17.5,0,0,1,0,1,0,1
1067,600,2,0,17.5,1,0,0,0,0,0,0
1067,601,1,1,17.5,0,0,0,0,0,1,0
1067,601,2,0,27.5,0,0,1,0,0,0,1
1067,602,1,1,27.5,0,1,0,0,1,0,0
1067,602,2,0,17.5,1,1,0,1,0,0,1
1067,603,1,1,37.5,0,0,1,1,0,0,0
1067,603,2,0,37.5,1,0,1,1,0,1,0
1068,604,1,1,17.5,1,1,0,1,0,0,1
1068,604,2,0,37.5,0,0,0,0,1,0,1
1068,605,1,1,17.5,1,0,0,0,0,0,0
1068,605,2,0,37.5,0,1,0,0,0,1,0
1068,606,1,0,37.5,1,1,0,0,0,0,1
1068,606,2,1,17.5,1,0,1,0,1,1,0
1068,607,1,0,37.5,1,0,0,0,1,0,0
1068,607,2,1,17.5,0,0,0,0,0,1,0
1068,608,1,1,37.5,1,0,1,1,0,1,0
1068,608,2,0,37.5,1,1,0,0,0,0,1
1068,609,1,1,17.5,0,0,1,0,1,0,1
1068,609,2,0,17.5,1,0,0,0,0,0,0
1068,610,1,1,17.5,0,0,0,0,0,1,0
1068,610,2,0,27.5,0,0,1,0,0,0,1
1068,611,1,0,27.5,0,1,0,0,1,0,0
1068,611,2,1,17.5,1,1,0,1,0,0,1
1068,612,1,1,37.5,0,0,1,1,0,0,0
1068,612,2,0,37.5,1,0,1,1,0,1,0
1069,613,1,0,17.5,1,1,0,1,0,0,1
1069,613,2,1,37.5,0,0,0,0,1,0,1
1069,614,1,1,17.5,1,0,0,0,0,0,0
1069,614,2,0,37.5,0,1,0,0,0,1,0
1069,615,1,0,37.5,1,1,0,0,0,0,1
1069,615,2,1,17.5,1,0,1,0,1,1,0
1069,616,1,0,37.5,1,0,0,0,1,0,0
1069,616,2,1,17.5,0,0,0,0,0,1,0
1069,617,1,1,37.5,1,0,1,1,0,1,0
1069,617,2,0,37.5,1,1,0,0,0,0,1
1069,618,1,1,17.5,0,0,1,0,1,0,1
1069,618,2,0,17.5,1,0,0,0,0,0,0
1069,619,1,1,17.5,0,0,0,0,0,1,0
1069,619,2,0,27.5,0,0,1,0,0,0,1
1069,620,1,0,27.5,0,1,0,0,1,0,0
1069,620,2,1,17.5,1,1,0,1,0,0,1
1069,621,1,0,37.5,0,0,1,1,0,0,0
1069,621,2,1,37.5,1,0,1,1,0,1,0
1070,622,1,1,17.5,1,0,1,0,1,1,0
1070,622,2,0,27.5,1,0,0,1,0,0,1
1070,623,1,1,27.5,1,0,0,1,0,0,1
1070,623,2,0,27.5,1,0,1,0,0,0,0
1070,624,1,0,27.5,1,0,1,0,0,0,0
1070,624,2,1,27.5,0,0,0,1,0,1,0
1070,625,1,0,27.5,1,1,0,0,1,1,0
1070,625,2,1,17.5,0,0,1,0,1,0,1
1070,626,1,1,17.5,0,1,0,1,0,0,0
1070,626,2,0,27.5,1,1,0,0,1,1,0
1070,627,1,1,27.5,0,0,1,0,0,0,1
1070,627,2,0,37.5,0,0,1,1,0,0,0
1070,628,1,0,27.5,0,0,0,1,0,1,0
1070,628,2,1,17.5,0,1,0,1,0,0,0
1070,629,1,1,37.5,0,0,0,0,1,0,1
1070,629,2,0,27.5,0,1,0,0,1,0,0
1070,630,1,0,37.5,0,1,0,0,0,1,0
1070,630,2,1,37.5,1,0,0,0,1,0,0
1071,631,1,1,17.5,1,0,1,0,1,1,0
1071,631,2,0,27.5,1,0,0,1,0,0,1
1071,632,1,1,27.5,1,0,0,1,0,0,1
1071,632,2,0,27.5,1,0,1,0,0,0,0
1071,633,1,1,27.5,1,0,1,0,0,0,0
1071,633,2,0,27.5,0,0,0,1,0,1,0
1071,634,1,0,27.5,1,1,0,0,1,1,0
1071,634,2,1,17.5,0,0,1,0,1,0,1
1071,635,1,0,17.5,0,1,0,1,0,0,0
1071,635,2,1,27.5,1,1,0,0,1,1,0
1071,636,1,0,27.5,0,0,1,0,0,0,1
1071,636,2,1,37.5,0,0,1,1,0,0,0
1071,637,1,1,27.5,0,0,0,1,0,1,0
1071,637,2,0,17.5,0,1,0,1,0,0,0
1071,638,1,0,37.5,0,0,0,0,1,0,1
1071,638,2,1,27.5,0,1,0,0,1,0,0
1071,639,1,0,37.5,0,1,0,0,0,1,0
1071,639,2,1,37.5,1,0,0,0,1,0,0
1072,640,1,1,17.5,1,0,1,0,1,1,0
1072,640,2,0,27.5,1,0,0,1,0,0,1
1072,641,1,0,27.5,1,0,0,1,0,0,1
1072,641,2,1,27.5,1,0,1,0,0,0,0
1072,642,1,1,27.5,1,0,1,0,0,0,0
1072,642,2,0,27.5,0,0,0,1,0,1,0
1072,643,1,0,27.5,1,1,0,0,1,1,0
1072,643,2,1,17.5,0,0,1,0,1,0,1
1072,644,1,0,17.5,0,1,0,1,0,0,0
1072,644,2,1,27.5,1,1,0,0,1,1,0
1072,645,1,1,27.5,0,0,1,0,0,0,1
1072,645,2,0,37.5,0,0,1,1,0,0,0
1072,646,1,1,27.5,0,0,0,1,0,1,0
1072,646,2,0,17.5,0,1,0,1,0,0,0
1072,647,1,0,37.5,0,0,0,0,1,0,1
1072,647,2,1,27.5,0,1,0,0,1,0,0
1072,648,1,1,37.5,0,1,0,0,0,1,0
1072,648,2,0,37.5,1,0,0,0,1,0,0
1073,649,1,1,17.5,1,0,1,0,1,1,0
1073,649,2,0,27.5,1,0,0,1,0,0,1
1073,650,1,1,27.5,1,0,0,1,0,0,1
1073,650,2,0,27.5,1,0,1,0,0,0,0
1073,651,1,0,27.5,1,0,1,0,0,0,0
1073,651,2,1,27.5,0,0,0,1,0,1,0
1073,652,1,0,27.5,1,1,0,0,1,1,0
1073,652,2,1,17.5,0,0,1,0,1,0,1
1073,653,1,1,17.5,0,1,0,1,0,0,0
1073,653,2,0,27.5,1,1,0,0,1,1,0
1073,654,1,1,27.5,0,0,1,0,0,0,1
1073,654,2,0,37.5,0,0,1,1,0,0,0
1073,655,1,0,27.5,0,0,0,1,0,1,0
1073,655,2,1,17.5,0,1,0,1,0,0,0
1073,656,1,0,37.5,0,0,0,0,1,0,1
1073,656,2,1,27.5,0,1,0,0,1,0,0
1073,657,1,0,37.5,0,1,0,0,0,1,0
1073,657,2,1,37.5,1,0,0,0,1,0,0
1074,658,1,1,17.5,1,0,1,0,1,1,0
1074,658,2,0,27.5,1,0,0,1,0,0,1
1074,659,1,1,27.5,1,0,0,1,0,0,1
1074,659,2,0,27.5,1,0,1,0,0,0,0
1074,660,1,1,27.5,1,0,1,0,0,0,0
1074,660,2,0,27.5,0,0,0,1,0,1,0
1074,661,1,0,27.5,1,1,0,0,1,1,0
1074,661,2,1,17.5,0,0,1,0,1,0,1
1074,662,1,1,17.5,0,1,0,1,0,0,0
1074,662,2,0,27.5,1,1,0,0,1,1,0
1074,663,1,1,27.5,0,0,1,0,0,0,1
1074,663,2,0,37.5,0,0,1,1,0,0,0
1074,664,1,0,27.5,0,0,0,1,0,1,0
1074,664,2,1,17.5,0,1,0,1,0,0,0
1074,665,1,1,37.5,0,0,0,0,1,0,1
1074,665,2,0,27.5,0,1,0,0,1,0,0
1074,666,1,0,37.5,0,1,0,0,0,1,0
1074,666,2,1,37.5,1,0,0,0,1,0,0
1075,667,1,0,17.5,1,1,0,1,0,0,1
1075,667,2,1,37.5,0,0,0,0,1,0,1
1075,668,1,0,17.5,1,0,0,0,0,0,0
1075,668,2,1,37.5,0,1,0,0,0,1,0
1075,669,1,0,37.5,1,1,0,0,0,0,1
1075,669,2,1,17.5,1,0,1,0,1,1,0
1075,670,1,0,37.5,1,0,0,0,1,0,0
1075,670,2,1,17.5,0,0,0,0,0,1,0
1075,671,1,1,37.5,1,0,1,1,0,1,0
1075,671,2,0,37.5,1,1,0,0,0,0,1
1075,672,1,1,17.5,0,0,1,0,1,0,1
1075,672,2,0,17.5,1,0,0,0,0,0,0
1075,673,1,1,17.5,0,0,0,0,0,1,0
1075,673,2,0,27.5,0,0,1,0,0,0,1
1075,674,1,0,27.5,0,1,0,0,1,0,0
1075,674,2,1,17.5,1,1,0,1,0,0,1
1075,675,1,1,37.5,0,0,1,1,0,0,0
1075,675,2,0,37.5,1,0,1,1,0,1,0
1076,676,1,1,17.5,1,0,1,0,1,1,0
1076,676,2,0,27.5,1,0,0,1,0,0,1
1076,677,1,1,27.5,1,0,0,1,0,0,1
1076,677,2,0,27.5,1,0,1,0,0,0,0
1076,678,1,1,27.5,1,0,1,0,0,0,0
1076,678,2,0,27.5,0,0,0,1,0,1,0
1076,679,1,0,27.5,1,1,0,0,1,1,0
1076,679,2,1,17.5,0,0,1,0,1,0,1
1076,680,1,1,17.5,0,1,0,1,0,0,0
1076,680,2,0,27.5,1,1,0,0,1,1,0
1076,681,1,0,27.5,0,0,1,0,0,0,1
1076,681,2,1,37.5,0,0,1,1,0,0,0
1076,682,1,0,27.5,0,0,0,1,0,1,0
1076,682,2,1,17.5,0,1,0,1,0,0,0
1076,683,1,0,37.5,0,0,0,0,1,0,1
1076,683,2,1,27.5,0,1,0,0,1,0,0
1076,684,1,0,37.5,0,1,0,0,0,1,0
1076,684,2,1,37.5,1,0,0,0,1,0,0
1077,685,1,0,17.5,1,0,1,0,1,1,0
1077,685,2,1,27.5,1,0,0,1,0,0,1
1077,686,1,0,27.5,1,0,0,1,0,0,1
1077,686,2,1,27.5,1,0,1,0,0,0,0
1077,687,1,0,27.5,1,0,1,0,0,0,0
1077,687,2,1,27.5,0,0,0,1,0,1,0
1077,688,1,0,27.5,1,1,0,0,1,1,0
1077,688,2,1,17.5,0,0,1,0,1,0,1
1077,689,1,0,17.5,0,1,0,1,0,0,0
1077,689,2,1,27.5,1,1,0,0,1,1,0
1077,690,1,0,27.5,0,0,1,0,0,0,1
1077,690,2,1,37.5,0,0,1,1,0,0,0
1077,691,1,0,27.5,0,0,0,1,0,1,0
1077,691,2,1,17.5,0,1,0,1,0,0,0
1077,692,1,0,37.5,0,0,0,0,1,0,1
1077,692,2,1,27.5,0,1,0,0,1,0,0
1077,693,1,0,37.5,0,1,0,0,0,1,0
1077,693,2,1,37.5,1,0,0,0,1,0,0
1078,694,1,0,17.5,1,0,1,0,1,1,0
1078,694,2,1,27.5,1,0,0,1,0,0,1
1078,695,1,1,27.5,1,0,0,1,0,0,1
1078,695,2,0,27.5,1,0,1,0,0,0,0
1078,696,1,1,27.5,1,0,1,0,0,0,0
1078,696,2,0,27.5,0,0,0,1,0,1,0
1078,697,1,1,27.5,1,1,0,0,1,1,0
1078,697,2,0,17.5,0,0,1,0,1,0,1
1078,698,1,0,17.5,0,1,0,1,0,0,0
1078,698,2,1,27.5,1,1,0,0,1,1,0
1078,699,1,1,27.5,0,0,1,0,0,0,1
1078,699,2,0,37.5,0,0,1,1,0,0,0
1078,700,1,1,27.5,0,0,0,1,0,1,0
1078,700,2,0,17.5,0,1,0,1,0,0,0
1078,701,1,1,37.5,0,0,0,0,1,0,1
1078,701,2,0,27.5,0,1,0,0,1,0,0
1078,702,1,0,37.5,0,1,0,0,0,1,0
1078,702,2,1,37.5,1,0,0,0,1,0,0
1079,703,1,1,17.5,1,1,0,1,0,0,1
1079,703,2,0,37.5,0,0,0,0,1,0,1
1079,704,1,1,17.5,1,0,0,0,0,0,0
1079,704,2,0,37.5,0,1,0,0,0,1,0
1079,705,1,1,37.5,1,1,0,0,0,0,1
1079,705,2,0,17.5,1,0,1,0,1,1,0
1079,706,1,1,37.5,1,0,0,0,1,0,0
1079,706,2,0,17.5,0,0,0,0,0,1,0
1079,707,1,0,37.5,1,0,1,1,0,1,0
1079,707,2,1,37.5,1,1,0,0,0,0,1
1079,708,1,0,17.5,0,0,1,0,1,0,1
1079,708,2,1,17.5,1,0,0,0,0,0,0
1079,709,1,0,17.5,0,0,0,0,0,1,0
1079,709,2,1,27.5,0,0,1,0,0,0,1
1079,710,1,1,27.5,0,1,0,0,1,0,0
1079,710,2,0,17.5,1,1,0,1,0,0,1
1079,711,1,1,37.5,0,0,1,1,0,0,0
1079,711,2,0,37.5,1,0,1,1,0,1,0
1080,712,1,0,17.5,1,0,1,0,1,1,0
1080,712,2,1,27.5,1,0,0,1,0,0,1
1080,713,1,1,27.5,1,0,0,1,0,0,1
1080,713,2,0,27.5,1,0,1,0,0,0,0
1080,714,1,1,27.5,1,0,1,0,0,0,0
1080,714,2,0,27.5,0,0,0,1,0,1,0
1080,715,1,0,27.5,1,1,0,0,1,1,0
1080,715,2,1,17.5,0,0,1,0,1,0,1
1080,716,1,0,17.5,0,1,0,1,0,0,0
1080,716,2,1,27.5,1,1,0,0,1,1,0
1080,717,1,1,27.5,0,0,1,0,0,0,1
1080,717,2,0,37.5,0,0,1,1,0,0,0
1080,718,1,1,27.5,0,0,0,1,0,1,0
1080,718,2,0,17.5,0,1,0,1,0,0,0
1080,719,1,1,37.5,0,0,0,0,1,0,1
1080,719,2,0,27.5,0,1,0,0,1,0,0
1080,720,1,0,37.5,0,1,0,0,0,1,0
1080,720,2,1,37.5,1,0,0,0,1,0,0
1081,721,1,1,17.5,1,1,0,1,0,0,1
1081,721,2,0,37.5,0,0,0,0,1,0,1
1081,722,1,1,17.5,1,0,0,0,0,0,0
1081,722,2,0,37.5,0,1,0,0,0,1,0
1081,723,1,1,37.5,1,1,0,0,0,0,1
1081,723,2,0,17.5,1,0,1,0,1,1,0
1081,724,1,1,37.5,1,0,0,0,1,0,0
1081,724,2,0,17.5,0,0,0,0,0,1,0
1081,725,1,0,37.5,1,0,1,1,0,1,0
1081,725,2,1,37.5,1,1,0,0,0,0,1
1081,726,1,1,17.5,0,0,1,0,1,0,1
1081,726,2,0,17.5,1,0,0,0,0,0,0
1081,727,1,0,17.5,0,0,0,0,0,1,0
1081,727,2,1,27.5,0,0,1,0,0,0,1
1081,728,1,1,27.5,0,1,0,0,1,0,0
1081,728,2,0,17.5,1,1,0,1,0,0,1
1081,729,1,1,37.5,0,0,1,1,0,0,0
1081,729,2,0,37.5,1,0,1,1,0,1,0
1082,730,1,0,17.5,1,0,1,0,1,1,0
1082,730,2,1,27.5,1,0,0,1,0,0,1
1082,731,1,1,27.5,1,0,0,1,0,0,1
1082,731,2,0,27.5,1,0,1,0,0,0,0
1082,732,1,1,27.5,1,0,1,0,0,0,0
1082,732,2,0,27.5,0,0,0,1,0,1,0
1082,733,1,0,27.5,1,1,0,0,1,1,0
1082,733,2,1,17.5,0,0,1,0,1,0,1
1082,734,1,1,17.5,0,1,0,1,0,0,0
1082,734,2,0,27.5,1,1,0,0,1,1,0
1082,735,1,1,27.5,0,0,1,0,0,0,1
1082,735,2,0,37.5,0,0,1,1,0,0,0
1082,736,1,0,27.5,0,0,0,1,0,1,0
1082,736,2,1,17.5,0,1,0,1,0,0,0
1082,737,1,1,37.5,0,0,0,0,1,0,1
1082,737,2,0,27.5,0,1,0,0,1,0,0
1082,738,1,0,37.5,0,1,0,0,0,1,0
1082,738,2,1,37.5,1,0,0,0,1,0,0
1083,739,1,1,17.5,1,1,0,1,0,0,1
1083,739,2,0,37.5,0,0,0,0,1,0,1
1083,740,1,1,17.5,1,0,0,0,0,0,0
1083,740,2,0,37.5,0,1,0,0,0,1,0
1083,741,1,0,37.5,1,1,0,0,0,0,1
1083,741,2,1,17.5,1,0,1,0,1,1,0
1083,742,1,1,37.5,1,0,0,0,1,0,0
1083,742,2,0,17.5,0,0,0,0,0,1,0
1083,743,1,1,37.5,1,0,1,1,0,1,0
1083,743,2,0,37.5,1,1,0,0,0,0,1
1083,744,1,0,17.5,0,0,1,0,1,0,1
1083,744,2,1,17.5,1,0,0,0,0,0,0
1083,745,1,0,17.5,0,0,0,0,0,1,0
1083,745,2,1,27.5,0,0,1,0,0,0,1
1083,746,1,0,27.5,0,1,0,0,1,0,0
1083,746,2,1,17.5,1,1,0,1,0,0,1
1083,747,1,0,37.5,0,0,1,1,0,0,0
1083,747,2,1,37.5,1,0,1,1,0,1,0
1084,748,1,0,17.5,1,0,1,0,1,1,0
1084,748,2,1,27.5,1,0,0,1,0,0,1
1084,749,1,0,27.5,1,0,0,1,0,0,1
1084,749,2,1,27.5,1,0,1,0,0,0,0
1084,750,1,1,27.5,1,0,1,0,0,0,0
1084,750,2,0,27.5,0,0,0,1,0,1,0
1084,751,1,0,27.5,1,1,0,0,1,1,0
1084,751,2,1,17.5,0,0,1,0,1,0,1
1084,752,1,0,17.5,0,1,0,1,0,0,0
1084,752,2,1,27.5,1,1,0,0,1,1,0
1084,753,1,1,27.5,0,0,1,0,0,0,1
1084,753,2,0,37.5,0,0,1,1,0,0,0
1084,754,1,0,27.5,0,0,0,1,0,1,0
1084,754,2,1,17.5,0,1,0,1,0,0,0
1084,755,1,1,37.5,0,0,0,0,1,0,1
1084,755,2,0,27.5,0,1,0,0,1,0,0
1084,756,1,0,37.5,0,1,0,0,0,1,0
1084,756,2,1,37.5,1,0,0,0,1,0,0
1085,757,1,1,17.5,1,0,1,0,1,1,0
1085,757,2,0,27.5,1,0,0,1,0,0,1
1085,758,1,0,27.5,1,0,0,1,0,0,1
1085,758,2,1,27.5,1,0,1,0,0,0,0
1085,759,1,1,27.5,1,0,1,0,0,0,0
1085,759,2,0,27.5,0,0,0,1,0,1,0
1085,760,1,0,27.5,1,1,0,0,1,1,0
1085,760,2,1,17.5,0,0,1,0,1,0,1
1085,761,1,0,17.5,0,1,0,1,0,0,0
1085,761,2,1,27.5,1,1,0,0,1,1,0
1085,762,1,1,27.5,0,0,1,0,0,0,1
1085,762,2,0,37.5,0,0,1,1,0,0,0
1085,763,1,1,27.5,0,0,0,1,0,1,0
1085,763,2,0,17.5,0,1,0,1,0,0,0
1085,764,1,1,37.5,0,0,0,0,1,0,1
1085,764,2,0,27.5,0,1,0,0,1,0,0
1085,765,1,0,37.5,0,1,0,0,0,1,0
1085,765,2,1,37.5,1,0,0,0,1,0,0
1086,766,1,0,17.5,1,1,0,1,0,0,1
1086,766,2,1,37.5,0,0,0,0,1,0,1
1086,767,1,1,17.5,1,0,0,0,0,0,0
1086,767,2,0,37.5,0,1,0,0,0,1,0
1086,768,1,0,37.5,1,1,0,0,0,0,1
1086,768,2,1,17.5,1,0,1,0,1,1,0
1086,769,1,0,37.5,1,0,0,0,1,0,0
1086,769,2,1,17.5,0,0,0,0,0,1,0
1086,770,1,1,37.5,1,0,1,1,0,1,0
1086,770,2,0,37.5,1,1,0,0,0,0,1
1086,771,1,1,17.5,0,0,1,0,1,0,1
1086,771,2,0,17.5,1,0,0,0,0,0,0
1086,772,1,1,17.5,0,0,0,0,0,1,0
1086,772,2,0,27.5,0,0,1,0,0,0,1
1086,773,1,0,27.5,0,1,0,0,1,0,0
1086,773,2,1,17.5,1,1,0,1,0,0,1
1086,774,1,1,37.5,0,0,1,1,0,0,0
1086,774,2,0,37.5,1,0,1,1,0,1,0
1087,775,1,1,17.5,1,0,1,0,1,1,0
1087,775,2,0,27.5,1,0,0,1,0,0,1
1087,776,1,1,27.5,1,0,0,1,0,0,1
1087,776,2,0,27.5,1,0,1,0,0,0,0
1087,777,1,0,27.5,1,0,1,0,0,0,0
1087,777,2,1,27.5,0,0,0,1,0,1,0
1087,778,1,1,27.5,1,1,0,0,1,1,0
1087,778,2,0,17.5,0,0,1,0,1,0,1
1087,779,1,1,17.5,0,1,0,1,0,0,0
1087,779,2,0,27.5,1,1,0,0,1,1,0
1087,780,1,1,27.5,0,0,1,0,0,0,1
1087,780,2,0,37.5,0,0,1,1,0,0,0
1087,781,1,1,27.5,0,0,0,1,0,1,0
1087,781,2,0,17.5,0,1,0,1,0,0,0
1087,782,1,0,37.5,0,0,0,0,1,0,1
1087,782,2,1,27.5,0,1,0,0,1,0,0
1087,783,1,0,37.5,0,1,0,0,0,1,0
1087,783,2,1,37.5,1,0,0,0,1,0,0
1088,784,1,0,17.5,1,0,1,0,1,1,0
1088,784,2,1,27.5,1,0,0,1,0,0,1
1088,785,1,1,27.5,1,0,0,1,0,0,1
1088,785,2,0,27.5,1,0,1,0,0,0,0
1088,786,1,0,27.5,1,0,1,0,0,0,0
1088,786,2,1,27.5,0,0,0,1,0,1,0
1088,787,1,1,27.5,1,1,0,0,1,1,0
1088,787,2,0,17.5,0,0,1,0,1,0,1
1088,788,1,0,17.5,0,1,0,1,0,0,0
1088,788,2,1,27.5,1,1,0,0,1,1,0
1088,789,1,1,27.5,0,0,1,0,0,0,1
1088,789,2,0,37.5,0,0,1,1,0,0,0
1088,790,1,0,27.5,0,0,0,1,0,1,0
1088,790,2,1,17.5,0,1,0,1,0,0,0
1088,791,1,0,37.5,0,0,0,0,1,0,1
1088,791,2,1,27.5,0,1,0,0,1,0,0
1088,792,1,0,37.5,0,1,0,0,0,1,0
1088,792,2,1,37.5,1,0,0,0,1,0,0
1089,793,1,1,17.5,1,1,0,1,0,0,1
1089,793,2,0,37.5,0,0,0,0,1,0,1
1089,794,1,1,17.5,1,0,0,0,0,0,0
1089,794,2,0,37.5,0,1,0,0,0,1,0
1089,795,1,1,37.5,1,1,0,0,0,0,1
1089,795,2,0,17.5,1,0,1,0,1,1,0
1089,796,1,0,37.5,1,0,0,0,1,0,0
1089,796,2,1,17.5,0,0,0,0,0,1,0
1089,797,1,0,37.5,1,0,1,1,0,1,0
1089,797,2,1,37.5,1,1,0,0,0,0,1
1089,798,1,0,17.5,0,0,1,0,1,0,1
1089,798,2,1,17.5,1,0,0,0,0,0,0
1089,799,1,1,17.5,0,0,0,0,0,1,0
1089,799,2,0,27.5,0,0,1,0,0,0,1
1089,800,1,1,27.5,0,1,0,0,1,0,0
1089,800,2,0,17.5,1,1,0,1,0,0,1
1089,801,1,0,37.5,0,0,1,1,0,0,0
1089,801,2,1,37.5,1,0,1,1,0,1,0
1090,802,1,0,17.5,1,0,1,0,1,1,0
1090,802,2,1,27.5,1,0,0,1,0,0,1
1090,803,1,0,27.5,1,0,0,1,0,0,1
1090,803,2,1,27.5,1,0,1,0,0,0,0
1090,804,1,1,27.5,1,0,1,0,0,0,0
1090,804,2,0,27.5,0,0,0,1,0,1,0
1090,805,1,0,27.5,1,1,0,0,1,1,0
1090,805,2,1,17.5,0,0,1,0,1,0,1
1090,806,1,1,17.5,0,1,0,1,0,0,0
1090,806,2,0,27.5,1,1,0,0,1,1,0
1090,807,1,1,27.5,0,0,1,0,0,0,1
1090,807,2,0,37.5,0,0,1,1,0,0,0
1090,808,1,0,27.5,0,0,0,1,0,1,0
1090,808,2,1,17.5,0,1,0,1,0,0,0
1090,809,1,1,37.5,0,0,0,0,1,0,1
1090,809,2,0,27.5,0,1,0,0,1,0,0
1090,810,1,0,37.5,0,1,0,0,0,1,0
1090,810,2,1,37.5,1,0,0,0,1,0,0
1091,811,1,1,17.5,1,0,1,0,1,1,0
1091,811,2,0,27.5,1,0,0,1,0,0,1
1091,812,1,1,27.5,1,0,0,1,0,0,1
1091,812,2,0,27.5,1,0,1,0,0,0,0
1091,813,1,1,27.5,1,0,1,0,0,0,0
1091,813,2,0,27.5,0,0,0,1,0,1,0
1091,814,1,0,27.5,1,1,0,0,1,1,0
1091,814,2,1,17.5,0,0,1,0,1,0,1
1091,815,1,1,17.5,0,1,0,1,0,0,0
1091,815,2,0,27.5,1,1,0,0,1,1,0
1091,816,1,1,27.5,0,0,1,0,0,0,1
1091,816,2,0,37.5,0,0,1,1,0,0,0
1091,817,1,0,27.5,0,0,0,1,0,1,0
1091,817,2,1,17.5,0,1,0,1,0,0,0
1091,818,1,0,37.5,0,0,0,0,1,0,1
1091,818,2,1,27.5,0,1,0,0,1,0,0
1091,819,1,0,37.5,0,1,0,0,0,1,0
1091,819,2,1,37.5,1,0,0,0,1,0,0
1092,820,1,0,17.5,1,1,0,1,0,0,1
1092,820,2,1,37.5,0,0,0,0,1,0,1
1092,821,1,1,17.5,1,0,0,0,0,0,0
1092,821,2,0,37.5,0,1,0,0,0,1,0
1092,822,1,1,37.5,1,1,0,0,0,0,1
1092,822,2,0,17.5,1,0,1,0,1,1,0
1092,823,1,1,37.5,1,0,0,0,1,0,0
1092,823,2,0,17.5,0,0,0,0,0,1,0
1092,824,1,0,37.5,1,0,1,1,0,1,0
1092,824,2,1,37.5,1,1,0,0,0,0,1
1092,825,1,1,17.5,0,0,1,0,1,0,1
1092,825,2,0,17.5,1,0,0,0,0,0,0
1092,826,1,0,17.5,0,0,0,0,0,1,0
1092,826,2,1,27.5,0,0,1,0,0,0,1
1092,827,1,0,27.5,0,1,0,0,1,0,0
1092,827,2,1,17.5,1,1,0,1,0,0,1
1092,828,1,1,37.5,0,0,1,1,0,0,0
1092,828,2,0,37.5,1,0,1,1,0,1,0
1093,829,1,1,17.5,1,1,0,1,0,0,1
1093,829,2,0,37.5,0,0,0,0,1,0,1
1093,830,1,1,17.5,1,0,0,0,0,0,0
1093,830,2,0,37.5,0,1,0,0,0,1,0
1093,831,1,1,37.5,1,1,0,0,0,0,1
1093,831,2,0,17.5,1,0,1,0,1,1,0
1093,832,1,1,37.5,1,0,0,0,1,0,0
1093,832,2,0,17.5,0,0,0,0,0,1,0
1093,833,1,1,37.5,1,0,1,1,0,1,0
1093,833,2,0,37.5,1,1,0,0,0,0,1
1093,834,1,1,17.5,0,0,1,0,1,0,1
1093,834,2,0,17.5,1,0,0,0,0,0,0
1093,835,1,1,17.5,0,0,0,0,0,1,0
1093,835,2,0,27.5,0,0,1,0,0,0,1
1093,836,1,1,27.5,0,1,0,0,1,0,0
1093,836,2,0,17.5,1,1,0,1,0,0,1
1093,837,1,1,37.5,0,0,1,1,0,0,0
1093,837,2,0,37.5,1,0,1,1,0,1,0
1094,838,1,1,17.5,1,0,1,0,1,1,0
1094,838,2,0,27.5,1,0,0,1,0,0,1
1094,839,1,0,27.5,1,0,0,1,0,0,1
1094,839,2,1,27.5,1,0,1,0,0,0,0
1094,840,1,1,27.5,1,0,1,0,0,0,0
1094,840,2,0,27.5,0,0,0,1,0,1,0
1094,841,1,0,27.5,1,1,0,0,1,1,0
1094,841,2,1,17.5,0,0,1,0,1,0,1
1094,842,1,1,17.5,0,1,0,1,0,0,0
1094,842,2,0,27.5,1,1,0,0,1,1,0
1094,843,1,1,27.5,0,0,1,0,0,0,1
1094,843,2,0,37.5,0,0,1,1,0,0,0
1094,844,1,0,27.5,0,0,0,1,0,1,0
1094,844,2,1,17.5,0,1,0,1,0,0,0
1094,845,1,1,37.5,0,0,0,0,1,0,1
1094,845,2,0,27.5,0,1,0,0,1,0,0
1094,846,1,0,37.5,0,1,0,0,0,1,0
1094,846,2,1,37.5,1,0,0,0,1,0,0
1095,847,1,0,17.5,1,1,0,1,0,0,1
1095,847,2,1,37.5,0,0,0,0,1,0,1
1095,848,1,1,17.5,1,0,0,0,0,0,0
1095,848,2,0,37.5,0,1,0,0,0,1,0
1095,849,1,1,37.5,1,1,0,0,0,0,1
1095,849,2,0,17.5,1,0,1,0,1,1,0
1095,850,1,1,37.5,1,0,0,0,1,0,0
1095,850,2,0,17.5,0,0,0,0,0,1,0
1095,851,1,0,37.5,1,0,1,1,0,1,0
1095,851,2,1,37.5,1,1,0,0,0,0,1
1095,852,1,1,17.5,0,0,1,0,1,0,1
1095,852,2,0,17.5,1,0,0,0,0,0,0
1095,853,1,0,17.5,0,0,0,0,0,1,0
1095,853,2,1,27.5,0,0,1,0,0,0,1
1095,854,1,1,27.5,0,1,0,0,1,0,0
1095,854,2,0,17.5,1,1,0,1,0,0,1
1095,855,1,1,37.5,0,0,1,1,0,0,0
1095,855,2,0,37.5,1,0,1,1,0,1,0
1096,856,1,1,17.5,1,1,0,1,0,0,1
1096,856,2,0,37.5,0,0,0,0,1,0,1
1096,857,1,1,17.5,1,0,0,0,0,0,0
1096,857,2,0,37.5,0,1,0,0,0,1,0
1096,858,1,1,37.5,1,1,0,0,0,0,1
1096,858,2,0,17.5,1,0,1,0,1,1,0
1096,859,1,1,37.5,1,0,0,0,1,0,0
1096,859,2,0,17.5,0,0,0,0,0,1,0
1096,860,1,1,37.5,1,0,1,1,0,1,0
1096,860,2,0,37.5,1,1,0,0,0,0,1
1096,861,1,1,17.5,0,0,1,0,1,0,1
1096,861,2,0,17.5,1,0,0,0,0,0,0
1096,862,1,0,17.5,0,0,0,0,0,1,0
1096,862,2,1,27.5,0,0,1,0,0,0,1
1096,863,1,1,27.5,0,1,0,0,1,0,0
1096,863,2,0,17.5,1,1,0,1,0,0,1
1096,864,1,1,37.5,0,0,1,1,0,0,0
1096,864,2,0,37.5,1,0,1,1,0,1,0
1097,865,1,0,17.5,1,0,1,0,1,1,0
1097,865,2,1,27.5,1,0,0,1,0,0,1
1097,866,1,1,27.5,1,0,0,1,0,0,1
1097,866,2,0,27.5,1,0,1,0,0,0,0
1097,867,1,1,27.5,1,0,1,0,0,0,0
1097,867,2,0,27.5,0,0,0,1,0,1,0
1097,868,1,1,27.5,1,1,0,0,1,1,0
1097,868,2,0,17.5,0,0,1,0,1,0,1
1097,869,1,0,17.5,0,1,0,1,0,0,0
1097,869,2,1,27.5,1,1,0,0,1,1,0
1097,870,1,1,27.5,0,0,1,0,0,0,1
1097,870,2,0,37.5,0,0,1,1,0,0,0
1097,871,1,0,27.5,0,0,0,1,0,1,0
1097,871,2,1,17.5,0,1,0,1,0,0,0
1097,872,1,1,37.5,0,0,0,0,1,0,1
1097,872,2,0,27.5,0,1,0,0,1,0,0
1097,873,1,0,37.5,0,1,0,0,0,1,0
1097,873,2,1,37.5,1,0,0,0,1,0,0
1098,874,1,1,17.5,1,0,1,0,1,1,0
1098,874,2,0,27.5,1,0,0,1,0,0,1
1098,875,1,1,27.5,1,0,0,1,0,0,1
1098,875,2,0,27.5,1,0,1,0,0,0,0
1098,876,1,0,27.5,1,0,1,0,0,0,0
1098,876,2,1,27.5,0,0,0,1,0,1,0
1098,877,1,1,27.5,1,1,0,0,1,1,0
1098,877,2,0,17.5,0,0,1,0,1,0,1
1098,878,1,0,17.5,0,1,0,1,0,0,0
1098,878,2,1,27.5,1,1,0,0,1,1,0
1098,879,1,0,27.5,0,0,1,0,0,0,1
1098,879,2,1,37.5,0,0,1,1,0,0,0
1098,880,1,1,27.5,0,0,0,1,0,1,0
1098,880,2,0,17.5,0,1,0,1,0,0,0
1098,881,1,0,37.5,0,0,0,0,1,0,1
1098,881,2,1,27.5,0,1,0,0,1,0,0
1098,882,1,1,37.5,0,1,0,0,0,1,0
1098,882,2,0,37.5,1,0,0,0,1,0,0
1099,883,1,1,17.5,1,0,1,0,1,1,0
1099,883,2,0,27.5,1,0,0,1,0,0,1
1099,884,1,0,27.5,1,0,0,1,0,0,1
1099,884,2,1,27.5,1,0,1,0,0,0,0
1099,885,1,1,27.5,1,0,1,0,0,0,0
1099,885,2,0,27.5,0,0,0,1,0,1,0
1099,886,1,0,27.5,1,1,0,0,1,1,0
1099,886,2,1,17.5,0,0,1,0,1,0,1
1099,887,1,0,17.5,0,1,0,1,0,0,0
1099,887,2,1,27.5,1,1,0,0,1,1,0
1099,888,1,1,27.5,0,0,1,0,0,0,1
1099,888,2,0,37.5,0,0,1,1,0,0,0
1099,889,1,0,27.5,0,0,0,1,0,1,0
1099,889,2,1,17.5,0,1,0,1,0,0,0
1099,890,1,1,37.5,0,0,0,0,1,0,1
1099,890,2,0,27.5,0,1,0,0,1,0,0
1099,891,1,0,37.5,0,1,0,0,0,1,0
1099,891,2,1,37.5,1,0,0,0,1,0,0
1100,892,1,1,17.5,1,1,0,1,0,0,1
1100,892,2,0,37.5,0,0,0,0,1,0,1
1100,893,1,1,17.5,1,0,0,0,0,0,0
1100,893,2,0,37.5,0,1,0,0,0,1,0
1100,894,1,0,37.5,1,1,0,0,0,0,1
1100,894,2,1,17.5,1,0,1,0,1,1,0
1100,895,1,1,37.5,1,0,0,0,1,0,0
1100,895,2,0,17.5,0,0,0,0,0,1,0
1100,896,1,1,37.5,1,0,1,1,0,1,0
1100,896,2,0,37.5,1,1,0,0,0,0,1
1100,897,1,0,17.5,0,0,1,0,1,0,1
1100,897,2,1,17.5,1,0,0,0,0,0,0
1100,898,1,0,17.5,0,0,0,0,0,1,0
1100,898,2,1,27.5,0,0,1,0,0,0,1
1100,899,1,0,27.5,0,1,0,0,1,0,0
1100,899,2,1,17.5,1,1,0,1,0,0,1
1100,900,1,0,37.5,0,0,1,1,0,0,0
1100,900,2,1,37.5,1,0,1,1,0,1,0
1101,901,1,0,17.5,1,0,1,0,1,1,0
1101,901,2,1,27.5,1,0,0,1,0,0,1
1101,902,1,0,27.5,1,0,0,1,0,0,1
1101,902,2,1,27.5,1,0,1,0,0,0,0
1101,903,1,1,27.5,1,0,1,0,0,0,0
1101,903,2,0,27.5,0,0,0,1,0,1,0
1101,904,1,0,27.5,1,1,0,0,1,1,0
1101,904,2,1,17.5,0,0,1,0,1,0,1
1101,905,1,0,17.5,0,1,0,1,0,0,0
1101,905,2,1,27.5,1,1,0,0,1,1,0
1101,906,1,1,27.5,0,0,1,0,0,0,1
1101,906,2,0,37.5,0,0,1,1,0,0,0
1101,907,1,0,27.5,0,0,0,1,0,1,0
1101,907,2,1,17.5,0,1,0,1,0,0,0
1101,908,1,1,37.5,0,0,0,0,1,0,1
1101,908,2,0,27.5,0,1,0,0,1,0,0
1101,909,1,0,37.5,0,1,0,0,0,1,0
1101,909,2,1,37.5,1,0,0,0,1,0,0
1102,910,1,1,17.5,1,0,1,0,1,1,0
1102,910,2,0,27.5,1,0,0,1,0,0,1
1102,911,1,1,27.5,1,0,0,1,0,0,1
1102,911,2,0,27.5,1,0,1,0,0,0,0
1102,912,1,1,27.5,1,0,1,0,0,0,0
1102,912,2,0,27.5,0,0,0,1,0,1,0
1102,913,1,0,27.5,1,1,0,0,1,1,0
1102,913,2,1,17.5,0,0,1,0,1,0,1
1102,914,1,1,17.5,0,1,0,1,0,0,0
1102,914,2,0,27.5,1,1,0,0,1,1,0
1102,915,1,0,27.5,0,0,1,0,0,0,1
1102,915,2,1,37.5,0,0,1,1,0,0,0
1102,916,1,0,27.5,0,0,0,1,0,1,0
1102,916,2,1,17.5,0,1,0,1,0,0,0
1102,917,1,0,37.5,0,0,0,0,1,0,1
1102,917,2,1,27.5,0,1,0,0,1,0,0
1102,918,1,0,37.5,0,1,0,0,0,1,0
1102,918,2,1,37.5,1,0,0,0,1,0,0
1103,919,1,0,17.5,1,1,0,1,0,0,1
1103,919,2,1,37.5,0,0,0,0,1,0,1
1103,920,1,1,17.5,1,0,0,0,0,0,0
1103,920,2,0,37.5,0,1,0,0,0,1,0
1103,921,1,0,37.5,1,1,0,0,0,0,1
1103,921,2,1,17.5,1,0,1,0,1,1,0
1103,922,1,1,37.5,1,0,0,0,1,0,0
1103,922,2,0,17.5,0,0,0,0,0,1,0
1103,923,1,1,37.5,1,0,1,1,0,1,0
1103,923,2,0,37.5,1,1,0,0,0,0,1
1103,924,1,1,17.5,0,0,1,0,1,0,1
1103,924,2,0,17.5,1,0,0,0,0,0,0
1103,925,1,1,17.5,0,0,0,0,0,1,0
1103,925,2,0,27.5,0,0,1,0,0,0,1
1103,926,1,1,27.5,0,1,0,0,1,0,0
1103,926,2,0,17.5,1,1,0,1,0,0,1
1103,927,1,0,37.5,0,0,1,1,0,0,0
1103,927,2,1,37.5,1,0,1,1,0,1,0
